Diena,Shama,13777228,Diena.Shama@college.harvard.edu,0
Emmey,Boehike,19456940,Emmey.Boehike@college.harvard.edu,0
Yetty,Monaco,14071918,Yetty.Monaco@college.harvard.edu,0
Sharai,Meli,16097823,Sharai.Meli@college.harvard.edu,0
Penelopa,Harned,16443115,Penelopa.Harned@college.harvard.edu,0
Ana,Scammon,10701460,Ana.Scammon@college.harvard.edu,0
Alexine,Ackerley,14493600,Alexine.Ackerley@college.harvard.edu,0
Maud,Thema,19209764,Maud.Thema@college.harvard.edu,0
Fidelia,Cherianne,14073512,Fidelia.Cherianne@college.harvard.edu,0
Emylee,Emmaline,17140291,Emylee.Emmaline@college.harvard.edu,0
Maridel,Madaih,10107444,Maridel.Madaih@college.harvard.edu,0
Dorene,Jalbert,17402190,Dorene.Jalbert@college.harvard.edu,0
Jenda,Diann,15279072,Jenda.Diann@college.harvard.edu,0
Judy,Kiersten,14471867,Judy.Kiersten@college.harvard.edu,0
Tobe,Emmy,18787384,Tobe.Emmy@college.harvard.edu,0
Dode,Clywd,11331372,Dode.Clywd@college.harvard.edu,0
Willetta,Lay,10596364,Willetta.Lay@college.harvard.edu,0
Jessamyn,Ahab,13090028,Jessamyn.Ahab@college.harvard.edu,0
Tybie,Roumell,19703610,Tybie.Roumell@college.harvard.edu,0
Frances,Joni,10462931,Frances.Joni@college.harvard.edu,0
Alia,Ax,18292267,Alia.Ax@college.harvard.edu,0
Gabi,Drisko,12313850,Gabi.Drisko@college.harvard.edu,0
Donnie,Mata,11161830,Donnie.Mata@college.harvard.edu,0
Gwenneth,Pacorro,16307471,Gwenneth.Pacorro@college.harvard.edu,0
Adriana,McClimans,16487544,Adriana.McClimans@college.harvard.edu,0
Alleen,Rosemary,10161183,Alleen.Rosemary@college.harvard.edu,0
Cindelyn,Joni,16161089,Cindelyn.Joni@college.harvard.edu,0
Rosene,Artie,14866879,Rosene.Artie@college.harvard.edu,0
Cissiee,Emmy,12260660,Cissiee.Emmy@college.harvard.edu,0
Aurelie,Ortrude,10158974,Aurelie.Ortrude@college.harvard.edu,0
Mady,Larochelle,14035179,Mady.Larochelle@college.harvard.edu,0
Betta,Zachary,10062689,Betta.Zachary@college.harvard.edu,0
Zondra,Kathie,19999567,Zondra.Kathie@college.harvard.edu,0
Belva,Hylan,15664126,Belva.Hylan@college.harvard.edu,0
Lesly,Serilda,14253166,Lesly.Serilda@college.harvard.edu,0
Marline,Myrilla,15466072,Marline.Myrilla@college.harvard.edu,0
Hildegaard,Dearborn,16787469,Hildegaard.Dearborn@college.harvard.edu,0
Dale,Ries,15313867,Dale.Ries@college.harvard.edu,0
Rhoda,Mathilde,11529282,Rhoda.Mathilde@college.harvard.edu,0
Aigneis,Craggie,12628083,Aigneis.Craggie@college.harvard.edu,0
Magdalena,Yate,16477699,Magdalena.Yate@college.harvard.edu,0
Mathilda,Mauer,19854714,Mathilda.Mauer@college.harvard.edu,0
Teddie,Anestassia,13867822,Teddie.Anestassia@college.harvard.edu,0
Berta,Ade,13418125,Berta.Ade@college.harvard.edu,0
Monika,Allare,16411504,Monika.Allare@college.harvard.edu,0
Cam,Rodmann,14523012,Cam.Rodmann@college.harvard.edu,0
Chere,Neva,10493179,Chere.Neva@college.harvard.edu,0
Adelle,Wandie,17206590,Adelle.Wandie@college.harvard.edu,0
Marjie,Johanna,16153602,Marjie.Johanna@college.harvard.edu,0
Demetris,Janene,15971480,Demetris.Janene@college.harvard.edu,0
Tersina,Maisey,18234618,Tersina.Maisey@college.harvard.edu,0
Esmeralda,Swanhildas,18090887,Esmeralda.Swanhildas@college.harvard.edu,0
Valli,Lattie,16073877,Valli.Lattie@college.harvard.edu,0
Kathi,Urania,12496538,Kathi.Urania@college.harvard.edu,0
Allyce,Kathie,17267839,Allyce.Kathie@college.harvard.edu,0
Dorice,Emmaline,10494020,Dorice.Emmaline@college.harvard.edu,0
Agathe,Janith,15193473,Agathe.Janith@college.harvard.edu,0
Molli,Orpah,15713449,Molli.Orpah@college.harvard.edu,0
Elka,Sikorski,17302491,Elka.Sikorski@college.harvard.edu,0
Ginnie,Shelba,17277163,Ginnie.Shelba@college.harvard.edu,0
Romona,Merna,15036450,Romona.Merna@college.harvard.edu,0
Frank,Riordan,18399516,Frank.Riordan@college.harvard.edu,0
Arlina,Chabot,14578894,Arlina.Chabot@college.harvard.edu,0
Shirlee,Harl,10033912,Shirlee.Harl@college.harvard.edu,0
Dulce,Toffic,12831699,Dulce.Toffic@college.harvard.edu,0
Annecorinne,Vacuva,12371132,Annecorinne.Vacuva@college.harvard.edu,0
Jessy,Andrel,12427820,Jessy.Andrel@college.harvard.edu,0
Rubie,Lay,11903255,Rubie.Lay@college.harvard.edu,0
Lily,Peti,18072190,Lily.Peti@college.harvard.edu,0
Doro,Gaulin,10773417,Doro.Gaulin@college.harvard.edu,0
Lelah,Andrel,13434221,Lelah.Andrel@college.harvard.edu,0
Carmencita,Loeb,13019127,Carmencita.Loeb@college.harvard.edu,0
Fina,Hull,16052461,Fina.Hull@college.harvard.edu,0
Babita,Sammons,18809302,Babita.Sammons@college.harvard.edu,0
Roslyn,Wolfgram,18296515,Roslyn.Wolfgram@college.harvard.edu,0
Marcy,Sisile,14867222,Marcy.Sisile@college.harvard.edu,0
Shell,Nisbet,13303685,Shell.Nisbet@college.harvard.edu,0
Siana,Bahr,11503157,Siana.Bahr@college.harvard.edu,0
Marika,Marisa,16594531,Marika.Marisa@college.harvard.edu,0
Kore,Amadas,18950083,Kore.Amadas@college.harvard.edu,0
Maisey,Cosenza,18204275,Maisey.Cosenza@college.harvard.edu,0
Joeann,Lissi,17239872,Joeann.Lissi@college.harvard.edu,0
Ursulina,Rurik,16352190,Ursulina.Rurik@college.harvard.edu,0
Heida,Buttaro,13580117,Heida.Buttaro@college.harvard.edu,0
Carol-Jean,Niccolo,11071543,Carol-Jean.Niccolo@college.harvard.edu,0
Augustine,Bach,12695960,Augustine.Bach@college.harvard.edu,0
Joelly,Bury,17026673,Joelly.Bury@college.harvard.edu,0
Ebonee,Greyson,16236809,Ebonee.Greyson@college.harvard.edu,0
Margette,Daegal,14013879,Margette.Daegal@college.harvard.edu,0
Lita,Tarrant,11960175,Lita.Tarrant@college.harvard.edu,0
Danika,Stoller,13471182,Danika.Stoller@college.harvard.edu,0
Susette,Yusuk,10166544,Susette.Yusuk@college.harvard.edu,0
Annecorinne,Hutchison,13738498,Annecorinne.Hutchison@college.harvard.edu,0
Nananne,Gabrielli,19970181,Nananne.Gabrielli@college.harvard.edu,0
Audrie,Carvey,11480963,Audrie.Carvey@college.harvard.edu,0
Helsa,Haymes,17757959,Helsa.Haymes@college.harvard.edu,0
Elka,Chesna,19752647,Elka.Chesna@college.harvard.edu,0
Melanie,Sheedy,11825993,Melanie.Sheedy@college.harvard.edu,0
Deane,Auberbach,10805806,Deane.Auberbach@college.harvard.edu,0
Olwen,Alarise,13646043,Olwen.Alarise@college.harvard.edu,0
Maisey,Lacombe,13605710,Maisey.Lacombe@college.harvard.edu,0
Melanie,Seagraves,13293637,Melanie.Seagraves@college.harvard.edu,0
Grier,Artie,12204827,Grier.Artie@college.harvard.edu,0
Hyacinthe,Mallon,14916847,Hyacinthe.Mallon@college.harvard.edu,0
Kaia,Tannie,13697726,Kaia.Tannie@college.harvard.edu,0
Melanie,Harl,15691180,Melanie.Harl@college.harvard.edu,0
Jemie,Abbot,18958721,Jemie.Abbot@college.harvard.edu,0
Letizia,Carlson,12333137,Letizia.Carlson@college.harvard.edu,0
Corina,Egbert,18200203,Corina.Egbert@college.harvard.edu,0
Camile,Jaylene,17882248,Camile.Jaylene@college.harvard.edu,0
Concettina,Madaih,16193384,Concettina.Madaih@college.harvard.edu,0
Andree,Vittoria,15564574,Andree.Vittoria@college.harvard.edu,0
Aurore,Sothena,11939434,Aurore.Sothena@college.harvard.edu,0
Reeba,Giule,10967953,Reeba.Giule@college.harvard.edu,0
Tani,Campball,14923327,Tani.Campball@college.harvard.edu,0
Estell,Magdalen,11074940,Estell.Magdalen@college.harvard.edu,0
Steffane,Brenn,16886831,Steffane.Brenn@college.harvard.edu,0
Jacquetta,Obed,10179542,Jacquetta.Obed@college.harvard.edu,0
Nonnah,Faso,16693026,Nonnah.Faso@college.harvard.edu,0
Blondelle,Lymann,15242351,Blondelle.Lymann@college.harvard.edu,0
Robinia,Hoenack,10783596,Robinia.Hoenack@college.harvard.edu,0
Hermione,Garek,18831561,Hermione.Garek@college.harvard.edu,0
Cecile,Obed,15245497,Cecile.Obed@college.harvard.edu,0
Emelina,Yam,11046599,Emelina.Yam@college.harvard.edu,0
Marsiella,Amadas,19883735,Marsiella.Amadas@college.harvard.edu,0
Rosanne,Ajay,16461573,Rosanne.Ajay@college.harvard.edu,0
Arlina,Erich,18659871,Arlina.Erich@college.harvard.edu,0
Vanessa,Persse,14567035,Vanessa.Persse@college.harvard.edu,0
Ardeen,Jalbert,12295031,Ardeen.Jalbert@college.harvard.edu,0
Laure,Gillan,14893790,Laure.Gillan@college.harvard.edu,0
Genevra,Hoban,10988421,Genevra.Hoban@college.harvard.edu,0
Ginnie,Karl,15686139,Ginnie.Karl@college.harvard.edu,0
Johna,Gladstone,15783136,Johna.Gladstone@college.harvard.edu,0
Belinda,Linskey,19533199,Belinda.Linskey@college.harvard.edu,0
Elmira,Colleen,19595580,Elmira.Colleen@college.harvard.edu,0
Trixi,Colp,13936750,Trixi.Colp@college.harvard.edu,0
Helena,Land,15106524,Helena.Land@college.harvard.edu,0
Gerianna,Ehrman,13809131,Gerianna.Ehrman@college.harvard.edu,0
Darlleen,Lytton,12014499,Darlleen.Lytton@college.harvard.edu,0
Nadine,Emerson,14079268,Nadine.Emerson@college.harvard.edu,0
Nessie,Georgy,18473364,Nessie.Georgy@college.harvard.edu,0
Lucy,Brenn,10052457,Lucy.Brenn@college.harvard.edu,0
Averyl,Saunderson,19820846,Averyl.Saunderson@college.harvard.edu,0
Ketti,Afton,16078392,Ketti.Afton@college.harvard.edu,0
Sharlene,Alrich,15747058,Sharlene.Alrich@college.harvard.edu,0
Jemie,Calhoun,19660768,Jemie.Calhoun@college.harvard.edu,0
Marnia,Phi,13810155,Marnia.Phi@college.harvard.edu,0
Maud,Gordon,17309557,Maud.Gordon@college.harvard.edu,0
Melodie,Natalia,10147953,Melodie.Natalia@college.harvard.edu,0
Tersina,Ade,14298315,Tersina.Ade@college.harvard.edu,0
Cyndie,Elisha,11637919,Cyndie.Elisha@college.harvard.edu,0
Ulrike,Teddman,15652039,Ulrike.Teddman@college.harvard.edu,0
Kimberley,Newell,12425127,Kimberley.Newell@college.harvard.edu,0
Annabela,Tound,12690522,Annabela.Tound@college.harvard.edu,0
Aaren,Ashely,12020784,Aaren.Ashely@college.harvard.edu,0
Ana,Burch,11064056,Ana.Burch@college.harvard.edu,0
Helena,Pauly,10952914,Helena.Pauly@college.harvard.edu,0
Lynea,Nikaniki,13410137,Lynea.Nikaniki@college.harvard.edu,0
Brena,Greyson,19163972,Brena.Greyson@college.harvard.edu,0
Ana,Bollay,19210549,Ana.Bollay@college.harvard.edu,0
Annora,Nicoline,11662200,Annora.Nicoline@college.harvard.edu,0
Angelique,Sholley,10355034,Angelique.Sholley@college.harvard.edu,0
Chrystel,Pozzy,17641228,Chrystel.Pozzy@college.harvard.edu,0
Ellette,Skurnik,17920533,Ellette.Skurnik@college.harvard.edu,0
Ginnie,Gunn,15626505,Ginnie.Gunn@college.harvard.edu,0
Claresta,Adlare,19932243,Claresta.Adlare@college.harvard.edu,0
Dawn,Kunin,12977263,Dawn.Kunin@college.harvard.edu,0
Justinn,Papageno,13205422,Justinn.Papageno@college.harvard.edu,0
Ursulina,Belanger,18234916,Ursulina.Belanger@college.harvard.edu,0
Kamilah,Dex,17490516,Kamilah.Dex@college.harvard.edu,0
Bobinette,Gale,16366790,Bobinette.Gale@college.harvard.edu,0
Pollyanna,Paton,15252559,Pollyanna.Paton@college.harvard.edu,0
Lelah,Raychel,13536372,Lelah.Raychel@college.harvard.edu,0
Aurore,Martsen,18671855,Aurore.Martsen@college.harvard.edu,0
Carly,Danby,19758688,Carly.Danby@college.harvard.edu,0
Jasmina,Joeann,17828548,Jasmina.Joeann@college.harvard.edu,0
Lynde,Judye,13912241,Lynde.Judye@college.harvard.edu,0
Tilly,Raffo,14504872,Tilly.Raffo@college.harvard.edu,0
Danika,Nunci,19294671,Danika.Nunci@college.harvard.edu,0
Justinn,Shaddock,11087272,Justinn.Shaddock@college.harvard.edu,0
Fina,Hoban,19667123,Fina.Hoban@college.harvard.edu,0
Elise,Kellby,12101108,Elise.Kellby@college.harvard.edu,0
Heida,Colleen,11451119,Heida.Colleen@college.harvard.edu,0
Kary,Hurley,19259148,Kary.Hurley@college.harvard.edu,0
Jacquetta,McAdams,11054765,Jacquetta.McAdams@college.harvard.edu,0
Anica,Redmond,16156205,Anica.Redmond@college.harvard.edu,0
