Misha,Tybald,15474105,Misha.Tybald@college.harvard.edu,1
Larine,Paton,14731172,Larine.Paton@college.harvard.edu,1
Aryn,Hanleigh,19408239,Aryn.Hanleigh@college.harvard.edu,1
Anestassia,Hathaway,19894017,Anestassia.Hathaway@college.harvard.edu,1
Devina,Holtz,14874114,Devina.Holtz@college.harvard.edu,1
Sophia,Lasley,14992235,Sophia.Lasley@college.harvard.edu,1
Fredericka,Grimbly,13591891,Fredericka.Grimbly@college.harvard.edu,1
Tersina,Roscoe,10434851,Tersina.Roscoe@college.harvard.edu,1
Jsandye,Tamar,18483554,Jsandye.Tamar@college.harvard.edu,1
Olwen,Pauly,12585710,Olwen.Pauly@college.harvard.edu,1
Roseline,Belanger,13040203,Roseline.Belanger@college.harvard.edu,1
Gilligan,Yusuk,10995865,Gilligan.Yusuk@college.harvard.edu,1
Linet,Rosette,17390813,Linet.Rosette@college.harvard.edu,1
Nannie,Zetta,16190963,Nannie.Zetta@college.harvard.edu,1
Nickie,Tatianas,10386375,Nickie.Tatianas@college.harvard.edu,1
Althea,Ingra,14546027,Althea.Ingra@college.harvard.edu,1
Alex,Clie,11202302,Alex.Clie@college.harvard.edu,1
Lorenza,Dearborn,18290415,Lorenza.Dearborn@college.harvard.edu,1
Lorne,Boehike,11213265,Lorne.Boehike@college.harvard.edu,1
Rivalee,Willie,15107055,Rivalee.Willie@college.harvard.edu,1
Rosanne,Graig,13501056,Rosanne.Graig@college.harvard.edu,1
Jan,Killigrew,12211147,Jan.Killigrew@college.harvard.edu,1
Ezmeralda,Lindemann,19575575,Ezmeralda.Lindemann@college.harvard.edu,1
Dale,Podvin,15623256,Dale.Podvin@college.harvard.edu,1
Nariko,Sallyann,18953266,Nariko.Sallyann@college.harvard.edu,1
Joelly,O'Carroll,14035190,Joelly.O'Carroll@college.harvard.edu,1
Nollie,Clie,12582290,Nollie.Clie@college.harvard.edu,1
Iseabal,Bashemeth,17926064,Iseabal.Bashemeth@college.harvard.edu,1
Tracey,Hartnett,12769868,Tracey.Hartnett@college.harvard.edu,1
Zsa Zsa,Lynn,17628953,Zsa Zsa.Lynn@college.harvard.edu,1
Jinny,Haerr,14135401,Jinny.Haerr@college.harvard.edu,1
Claresta,Chrystel,18203756,Claresta.Chrystel@college.harvard.edu,1
Josephine,Grosz,10004157,Josephine.Grosz@college.harvard.edu,1
Jennica,Pettiford,11417817,Jennica.Pettiford@college.harvard.edu,1
Brietta,Morgun,17641524,Brietta.Morgun@college.harvard.edu,1
Elbertina,Chesna,13813191,Elbertina.Chesna@college.harvard.edu,1
Berget,Charity,14398281,Berget.Charity@college.harvard.edu,1
Millie,Johanna,14217321,Millie.Johanna@college.harvard.edu,1
Farrah,Persse,15121382,Farrah.Persse@college.harvard.edu,1
Oona,Flita,11679528,Oona.Flita@college.harvard.edu,1
Tracey,Kenney,12275100,Tracey.Kenney@college.harvard.edu,1
Bertine,Viddah,15471520,Bertine.Viddah@college.harvard.edu,1
Minne,Melan,18978146,Minne.Melan@college.harvard.edu,1
Vanessa,Baptlsta,17907239,Vanessa.Baptlsta@college.harvard.edu,1
Renie,Pettiford,11890478,Renie.Pettiford@college.harvard.edu,1
Tamqrah,Melan,13452539,Tamqrah.Melan@college.harvard.edu,1
Ottilie,Jarib,13711019,Ottilie.Jarib@college.harvard.edu,1
Aeriela,Tannie,13806999,Aeriela.Tannie@college.harvard.edu,1
Kerrin,Merat,12449723,Kerrin.Merat@college.harvard.edu,1
Dulce,Hoban,16394788,Dulce.Hoban@college.harvard.edu,1
Amelia,Westphal,18233684,Amelia.Westphal@college.harvard.edu,1
Claudina,Durware,18346597,Claudina.Durware@college.harvard.edu,1
Marinna,Parette,16140510,Marinna.Parette@college.harvard.edu,1
Kial,Mott,15236360,Kial.Mott@college.harvard.edu,1
Vere,Gibbeon,19183260,Vere.Gibbeon@college.harvard.edu,1
Edith,Mehalek,10740566,Edith.Mehalek@college.harvard.edu,1
Annabela,Rodmann,17433332,Annabela.Rodmann@college.harvard.edu,1
Jenilee,Ammann,11561470,Jenilee.Ammann@college.harvard.edu,1
Etta,Bord,14688086,Etta.Bord@college.harvard.edu,1
Yvonne,Saint,10591751,Yvonne.Saint@college.harvard.edu,1
Bobbi,Gusella,19319004,Bobbi.Gusella@college.harvard.edu,1
Damaris,Ranjiv,16960175,Damaris.Ranjiv@college.harvard.edu,1
Mara,Armanda,14824470,Mara.Armanda@college.harvard.edu,1
Jordan,Duwalt,16554351,Jordan.Duwalt@college.harvard.edu,1
Caritta,Fulmer,10041186,Caritta.Fulmer@college.harvard.edu,1
Marita,Milson,19499614,Marita.Milson@college.harvard.edu,1
Vinita,Halla,15971409,Vinita.Halla@college.harvard.edu,1
Xylina,Giff,16138116,Xylina.Giff@college.harvard.edu,1
Corly,Dichy,13973312,Corly.Dichy@college.harvard.edu,1
Sissy,MacIntosh,14304968,Sissy.MacIntosh@college.harvard.edu,1
Cam,Isacco,14001758,Cam.Isacco@college.harvard.edu,1
Linet,Michella,17202190,Linet.Michella@college.harvard.edu,1
Ashlee,Billye,13422910,Ashlee.Billye@college.harvard.edu,1
Tamqrah,Sawtelle,19692961,Tamqrah.Sawtelle@college.harvard.edu,1
Joelly,Leopold,19144283,Joelly.Leopold@college.harvard.edu,1
Steffane,Trey,17371149,Steffane.Trey@college.harvard.edu,1
Flory,Eldrid,14553888,Flory.Eldrid@college.harvard.edu,1
Oona,Poppy,10759389,Oona.Poppy@college.harvard.edu,1
Gusty,Ramona,17207025,Gusty.Ramona@college.harvard.edu,1
Jobi,Fitzsimmons,10962986,Jobi.Fitzsimmons@college.harvard.edu,1
Raf,Amadas,17915051,Raf.Amadas@college.harvard.edu,1
Sara-Ann,Stav,11821726,Sara-Ann.Stav@college.harvard.edu,1
Maud,Martguerita,10975542,Maud.Martguerita@college.harvard.edu,1
Melanie,Hirsch,11238922,Melanie.Hirsch@college.harvard.edu,1
Cecile,Magnolia,18239892,Cecile.Magnolia@college.harvard.edu,1
Camile,Ciro,18579615,Camile.Ciro@college.harvard.edu,1
Frances,Virgin,13053425,Frances.Virgin@college.harvard.edu,1
Patricia,Katrine,16383270,Patricia.Katrine@college.harvard.edu,1
Jessy,Even,13439302,Jessy.Even@college.harvard.edu,1
Katuscha,Darrell,14294305,Katuscha.Darrell@college.harvard.edu,1
Marita,Gino,16725395,Marita.Gino@college.harvard.edu,1
Theodora,Codding,13131373,Theodora.Codding@college.harvard.edu,1
Orelia,Lutero,14764404,Orelia.Lutero@college.harvard.edu,1
Nita,Hunfredo,19827136,Nita.Hunfredo@college.harvard.edu,1
Adele,Isidore,13627838,Adele.Isidore@college.harvard.edu,1
Ursulina,Sandye,13713468,Ursulina.Sandye@college.harvard.edu,1
Allis,Teryn,15453404,Allis.Teryn@college.harvard.edu,1
Gerrie,Urias,19847400,Gerrie.Urias@college.harvard.edu,1
Babita,Ursulette,10084333,Babita.Ursulette@college.harvard.edu,1
Vere,Eugenia,19232551,Vere.Eugenia@college.harvard.edu,1
Konstance,Berl,10749924,Konstance.Berl@college.harvard.edu,1
Cacilie,Reinke,15016735,Cacilie.Reinke@college.harvard.edu,1
Lilith,Zaslow,14792609,Lilith.Zaslow@college.harvard.edu,1
Lanae,Schenck,13638057,Lanae.Schenck@college.harvard.edu,1
Imojean,Moina,12683453,Imojean.Moina@college.harvard.edu,1
Steffane,Joni,18353683,Steffane.Joni@college.harvard.edu,1
Claudina,Clarissa,15184049,Claudina.Clarissa@college.harvard.edu,1
Genevra,Tice,19054888,Genevra.Tice@college.harvard.edu,1
Asia,Tamsky,17979892,Asia.Tamsky@college.harvard.edu,1
Lolita,Letsou,16031704,Lolita.Letsou@college.harvard.edu,1
Lila,Blake,11701579,Lila.Blake@college.harvard.edu,1
Fina,Cookie,14052209,Fina.Cookie@college.harvard.edu,1
Violet,Ursulette,10169386,Violet.Ursulette@college.harvard.edu,1
Lorie,Brandice,16256693,Lorie.Brandice@college.harvard.edu,1
Jemie,Timon,14390692,Jemie.Timon@college.harvard.edu,1
Belinda,Clara,13595490,Belinda.Clara@college.harvard.edu,1
Noelle,Desai,15465784,Noelle.Desai@college.harvard.edu,1
Aigneis,Halla,12008990,Aigneis.Halla@college.harvard.edu,1
Feliza,McNully,11725282,Feliza.McNully@college.harvard.edu,1
Alia,Garek,16672357,Alia.Garek@college.harvard.edu,1
Linzy,Salchunas,11655704,Linzy.Salchunas@college.harvard.edu,1
Charissa,Kiersten,15314929,Charissa.Kiersten@college.harvard.edu,1
Nerta,Anastatius,10555742,Nerta.Anastatius@college.harvard.edu,1
Alleen,Norvol,11985200,Alleen.Norvol@college.harvard.edu,1
Frances,Hilbert,17327449,Frances.Hilbert@college.harvard.edu,1
Joy,Bethany,14229598,Joy.Bethany@college.harvard.edu,1
Sara-Ann,Kress,11872771,Sara-Ann.Kress@college.harvard.edu,1
Binny,Ardra,18676033,Binny.Ardra@college.harvard.edu,1
Siana,Hermes,18178860,Siana.Hermes@college.harvard.edu,1
Teriann,Lucienne,19638455,Teriann.Lucienne@college.harvard.edu,1
Merle,Goerke,18805793,Merle.Goerke@college.harvard.edu,1
Andeee,Atonsah,14082251,Andeee.Atonsah@college.harvard.edu,1
Maye,Tufts,18398005,Maye.Tufts@college.harvard.edu,1
Briney,Raimondo,11783613,Briney.Raimondo@college.harvard.edu,1
Lusa,Linskey,18582240,Lusa.Linskey@college.harvard.edu,1
Frieda,Ardeha,10260823,Frieda.Ardeha@college.harvard.edu,1
Miquela,Helve,18299466,Miquela.Helve@college.harvard.edu,1
Karina,Macey,11006938,Karina.Macey@college.harvard.edu,1
Amara,Ephrem,12069554,Amara.Ephrem@college.harvard.edu,1
Riannon,Joseph,12507673,Riannon.Joseph@college.harvard.edu,1
Kylynn,Vins,16391868,Kylynn.Vins@college.harvard.edu,1
Lindie,Zenas,11854362,Lindie.Zenas@college.harvard.edu,1
Lynnea,Margarete,12792989,Lynnea.Margarete@college.harvard.edu,1
Binny,Hailee,16632121,Binny.Hailee@college.harvard.edu,1
Laure,Romelda,17000645,Laure.Romelda@college.harvard.edu,1
Devina,Shirberg,14575263,Devina.Shirberg@college.harvard.edu,1
Desirae,Travax,14312803,Desirae.Travax@college.harvard.edu,1
Allyce,Torray,15626787,Allyce.Torray@college.harvard.edu,1
Andeee,Nance,19193576,Andeee.Nance@college.harvard.edu,1
Dania,Tremayne,11465485,Dania.Tremayne@college.harvard.edu,1
Elmira,Helve,12044802,Elmira.Helve@college.harvard.edu,1
Olivette,Rooney,12858263,Olivette.Rooney@college.harvard.edu,1
Laurene,Lamoree,19857961,Laurene.Lamoree@college.harvard.edu,1
Abbie,Mich,11327673,Abbie.Mich@college.harvard.edu,1
Ardeen,Nedrud,11702187,Ardeen.Nedrud@college.harvard.edu,1
Jan,Elsinore,18874845,Jan.Elsinore@college.harvard.edu,1
Larine,Wolfgram,13603911,Larine.Wolfgram@college.harvard.edu,1
Quintina,Ralfston,10073376,Quintina.Ralfston@college.harvard.edu,1
Rhoda,Gale,14088915,Rhoda.Gale@college.harvard.edu,1
Karolina,Suzetta,16865470,Karolina.Suzetta@college.harvard.edu,1
Courtnay,Johnsson,19747366,Courtnay.Johnsson@college.harvard.edu,1
Ariela,Robertson,14099607,Ariela.Robertson@college.harvard.edu,1
Dolli,Euridice,14268919,Dolli.Euridice@college.harvard.edu,1
Desirae,Sholley,19475426,Desirae.Sholley@college.harvard.edu,1
Bertine,Avi,15189854,Bertine.Avi@college.harvard.edu,1
Ayn,Yuille,14836415,Ayn.Yuille@college.harvard.edu,1
Renae,Wittie,14464888,Renae.Wittie@college.harvard.edu,1
