Oona,Swigart,16076420,Oona.Swigart@college.harvard.edu,2
Fayre,Vorster,11185066,Fayre.Vorster@college.harvard.edu,2
Carolina,Ummersen,12399079,Carolina.Ummersen@college.harvard.edu,2
Bertine,Merell,19533403,Bertine.Merell@college.harvard.edu,2
Gale,Hermes,10553554,Gale.Hermes@college.harvard.edu,2
Marti,Alva,15373184,Marti.Alva@college.harvard.edu,2
Kary,Kamaria,18903342,Kary.Kamaria@college.harvard.edu,2
Barbi,Fabiola,17888309,Barbi.Fabiola@college.harvard.edu,2
Carol-Jean,Elsinore,13442638,Carol-Jean.Elsinore@college.harvard.edu,2
Zia,Jillane,11583059,Zia.Jillane@college.harvard.edu,2
Dania,Boycey,11614816,Dania.Boycey@college.harvard.edu,2
Chickie,Chandler,17953550,Chickie.Chandler@college.harvard.edu,2
Misha,Cristi,12765233,Misha.Cristi@college.harvard.edu,2
Gretal,Septima,14392954,Gretal.Septima@college.harvard.edu,2
Elsie,Quinn,10763714,Elsie.Quinn@college.harvard.edu,2
Emmey,Bryna,19613038,Emmey.Bryna@college.harvard.edu,2
Josephine,Chaing,10018430,Josephine.Chaing@college.harvard.edu,2
Shauna,Docilla,15250156,Shauna.Docilla@college.harvard.edu,2
Phedra,Daegal,14322765,Phedra.Daegal@college.harvard.edu,2
Nerta,Maroney,14711834,Nerta.Maroney@college.harvard.edu,2
Raf,Alice,14741315,Raf.Alice@college.harvard.edu,2
Siana,Annice,13442797,Siana.Annice@college.harvard.edu,2
Elyssa,Ferrell,14483367,Elyssa.Ferrell@college.harvard.edu,2
Bettine,Niccolo,12587420,Bettine.Niccolo@college.harvard.edu,2
Nelle,Cassius,12046452,Nelle.Cassius@college.harvard.edu,2
Atlanta,Elbertina,19463693,Atlanta.Elbertina@college.harvard.edu,2
Ellette,Ellord,17926648,Ellette.Ellord@college.harvard.edu,2
Merle,Ioab,19055556,Merle.Ioab@college.harvard.edu,2
Michaelina,Decato,16556965,Michaelina.Decato@college.harvard.edu,2
Belinda,Iiette,13087109,Belinda.Iiette@college.harvard.edu,2
Frieda,O'Rourke,17981599,Frieda.O'Rourke@college.harvard.edu,2
Brandise,Delila,11340377,Brandise.Delila@college.harvard.edu,2
Kary,Valerio,17362838,Kary.Valerio@college.harvard.edu,2
Evita,Vary,14410079,Evita.Vary@college.harvard.edu,2
Deane,Malvino,15124670,Deane.Malvino@college.harvard.edu,2
Rosabelle,Haerr,14713897,Rosabelle.Haerr@college.harvard.edu,2
Lila,Bergman,18979745,Lila.Bergman@college.harvard.edu,2
Roxane,Pitt,18385898,Roxane.Pitt@college.harvard.edu,2
Blake,Fredi,12897689,Blake.Fredi@college.harvard.edu,2
Malina,Seligman,10541114,Malina.Seligman@college.harvard.edu,2
Riannon,Raseda,13800219,Riannon.Raseda@college.harvard.edu,2
Miquela,Koziara,17633129,Miquela.Koziara@college.harvard.edu,2
Sadie,Guildroy,13973494,Sadie.Guildroy@college.harvard.edu,2
Alameda,Pozzy,11272947,Alameda.Pozzy@college.harvard.edu,2
Nannie,Kamaria,12036948,Nannie.Kamaria@college.harvard.edu,2
Shauna,Nedrud,17787736,Shauna.Nedrud@college.harvard.edu,2
Esmeralda,Nikaniki,16722854,Esmeralda.Nikaniki@college.harvard.edu,2
Florencia,Marlie,11345702,Florencia.Marlie@college.harvard.edu,2
Flory,Raama,12275983,Flory.Raama@college.harvard.edu,2
Dede,Vanni,11772048,Dede.Vanni@college.harvard.edu,2
Ketti,Tiffa,15469152,Ketti.Tiffa@college.harvard.edu,2
Evaleen,Cassius,14474086,Evaleen.Cassius@college.harvard.edu,2
Valera,Rooney,13314483,Valera.Rooney@college.harvard.edu,2
Elbertina,Sholley,19885130,Elbertina.Sholley@college.harvard.edu,2
Jenilee,Huggins,11353279,Jenilee.Huggins@college.harvard.edu,2
Annice,Mintz,13473108,Annice.Mintz@college.harvard.edu,2
Cacilie,Raama,11811983,Cacilie.Raama@college.harvard.edu,2
Gale,Killigrew,15363331,Gale.Killigrew@college.harvard.edu,2
Sabina,Greyson,17067573,Sabina.Greyson@college.harvard.edu,2
Elvira,Trace,18261690,Elvira.Trace@college.harvard.edu,2
Danika,Lucienne,17678732,Danika.Lucienne@college.harvard.edu,2
Mathilda,McLaughlin,18552273,Mathilda.McLaughlin@college.harvard.edu,2
Margalo,Bari,11217190,Margalo.Bari@college.harvard.edu,2
Elbertina,Whiffen,16091423,Elbertina.Whiffen@college.harvard.edu,2
Harrietta,Ursulette,14247405,Harrietta.Ursulette@college.harvard.edu,2
Nicoli,Tjon,11093265,Nicoli.Tjon@college.harvard.edu,2
Nita,Millda,17507062,Nita.Millda@college.harvard.edu,2
Sindee,Merat,19030500,Sindee.Merat@college.harvard.edu,2
Basia,Helfand,14445768,Basia.Helfand@college.harvard.edu,2
Anica,Joachim,15398080,Anica.Joachim@college.harvard.edu,2
Ronna,Catie,14828999,Ronna.Catie@college.harvard.edu,2
Pamella,LaRue,16359178,Pamella.LaRue@college.harvard.edu,2
Joy,Niccolo,11570154,Joy.Niccolo@college.harvard.edu,2
Nollie,Magnolia,10407725,Nollie.Magnolia@college.harvard.edu,2
Elyssa,Joeann,15017882,Elyssa.Joeann@college.harvard.edu,2
Libbie,Aurelio,17477745,Libbie.Aurelio@college.harvard.edu,2
Daryl,Millda,14506858,Daryl.Millda@college.harvard.edu,2
Maye,Carbo,13259741,Maye.Carbo@college.harvard.edu,2
Shel,Moseley,18572227,Shel.Moseley@college.harvard.edu,2
Kristan,Noman,10708953,Kristan.Noman@college.harvard.edu,2
Kristan,Warthman,19397944,Kristan.Warthman@college.harvard.edu,2
Winifred,Michella,11136721,Winifred.Michella@college.harvard.edu,2
Wanda,Minetta,10852699,Wanda.Minetta@college.harvard.edu,2
Ashlee,Ader,15219066,Ashlee.Ader@college.harvard.edu,2
Ofilia,Taima,18968969,Ofilia.Taima@college.harvard.edu,2
Joceline,Ursulette,14689932,Joceline.Ursulette@college.harvard.edu,2
Emelina,McAdams,10858543,Emelina.McAdams@college.harvard.edu,2
Orelia,Poppy,18048799,Orelia.Poppy@college.harvard.edu,2
Clementine,Kolnick,17224003,Clementine.Kolnick@college.harvard.edu,2
Beverley,Rurik,13668533,Beverley.Rurik@college.harvard.edu,2
Deane,Gherardo,16137407,Deane.Gherardo@college.harvard.edu,2
Anica,Gordon,12432567,Anica.Gordon@college.harvard.edu,2
Kassey,Reneta,17949649,Kassey.Reneta@college.harvard.edu,2
Leona,Tatianas,18715331,Leona.Tatianas@college.harvard.edu,2
Edyth,Bouchard,19788351,Edyth.Bouchard@college.harvard.edu,2
Valli,Stav,15742963,Valli.Stav@college.harvard.edu,2
Maurene,Ivens,15557984,Maurene.Ivens@college.harvard.edu,2
Berget,Garek,15716707,Berget.Garek@college.harvard.edu,2
Leona,Raychel,19810764,Leona.Raychel@college.harvard.edu,2
Hyacinthe,Drus,14118264,Hyacinthe.Drus@college.harvard.edu,2
Robinia,Federica,13736039,Robinia.Federica@college.harvard.edu,2
Claresta,Braun,15228995,Claresta.Braun@college.harvard.edu,2
Mahalia,Margret,10723368,Mahalia.Margret@college.harvard.edu,2
Amalie,Deegan,17367873,Amalie.Deegan@college.harvard.edu,2
Larine,Ardra,12884046,Larine.Ardra@college.harvard.edu,2
Frieda,Ellord,19423141,Frieda.Ellord@college.harvard.edu,2
Tobe,Alejoa,11397089,Tobe.Alejoa@college.harvard.edu,2
Dennie,Earlie,11474722,Dennie.Earlie@college.harvard.edu,2
Jsandye,Alisia,10783625,Jsandye.Alisia@college.harvard.edu,2
Sara-Ann,Gregrory,13244934,Sara-Ann.Gregrory@college.harvard.edu,2
Oralee,Donell,19545303,Oralee.Donell@college.harvard.edu,2
Cathyleen,Stanwood,13786369,Cathyleen.Stanwood@college.harvard.edu,2
Andree,Vernier,10832310,Andree.Vernier@college.harvard.edu,2
Agathe,Teryn,14948498,Agathe.Teryn@college.harvard.edu,2
Aurelie,Cookie,11399472,Aurelie.Cookie@college.harvard.edu,2
Gloria,Cornelia,19880201,Gloria.Cornelia@college.harvard.edu,2
Lily,Wolfgram,10299445,Lily.Wolfgram@college.harvard.edu,2
Gianina,Mitzi,12312524,Gianina.Mitzi@college.harvard.edu,2
Addia,Jacobah,15984284,Addia.Jacobah@college.harvard.edu,2
Alleen,Dex,18465298,Alleen.Dex@college.harvard.edu,2
Phedra,Hessler,12430979,Phedra.Hessler@college.harvard.edu,2
Elora,Kussell,14592414,Elora.Kussell@college.harvard.edu,2
Kylynn,Plato,18464685,Kylynn.Plato@college.harvard.edu,2
Therine,Ezar,10098113,Therine.Ezar@college.harvard.edu,2
Tori,Garbe,10516444,Tori.Garbe@college.harvard.edu,2
Madelle,Nikaniki,11264406,Madelle.Nikaniki@college.harvard.edu,2
Juliane,Sandye,18905167,Juliane.Sandye@college.harvard.edu,2
Lorenza,Catie,19671469,Lorenza.Catie@college.harvard.edu,2
Perry,Koziara,12254219,Perry.Koziara@college.harvard.edu,2
Ottilie,Johnsson,19616157,Ottilie.Johnsson@college.harvard.edu,2
Linzy,Karl,12725193,Linzy.Karl@college.harvard.edu,2
Andree,Leary,18442680,Andree.Leary@college.harvard.edu,2
Tomasina,Neils,15491093,Tomasina.Neils@college.harvard.edu,2
Dania,Neils,12578990,Dania.Neils@college.harvard.edu,2
Tatiania,Lauraine,13852694,Tatiania.Lauraine@college.harvard.edu,2
Maye,Justinn,17038012,Maye.Justinn@college.harvard.edu,2
Britni,Ailyn,12534872,Britni.Ailyn@college.harvard.edu,2
Stephanie,Kravits,11417888,Stephanie.Kravits@college.harvard.edu,2
Lily,Helfand,12842888,Lily.Helfand@college.harvard.edu,2
Caryl,Rustice,16521803,Caryl.Rustice@college.harvard.edu,2
Concettina,Klemperer,19145181,Concettina.Klemperer@college.harvard.edu,2
Kaja,Shaver,18065087,Kaja.Shaver@college.harvard.edu,2
Fidelia,Martguerita,13153624,Fidelia.Martguerita@college.harvard.edu,2
Marinna,Lubin,19679778,Marinna.Lubin@college.harvard.edu,2
Thalia,Manolo,12596752,Thalia.Manolo@college.harvard.edu,2
Kittie,Taima,12266700,Kittie.Taima@college.harvard.edu,2
Bee,Mallon,13634956,Bee.Mallon@college.harvard.edu,2
Wilma,Justinn,10037489,Wilma.Justinn@college.harvard.edu,2
Maisey,Torray,15268100,Maisey.Torray@college.harvard.edu,2
Deirdre,Chrystel,18986651,Deirdre.Chrystel@college.harvard.edu,2
Farrah,Ariella,18022796,Farrah.Ariella@college.harvard.edu,2
Talya,Lynn,15487456,Talya.Lynn@college.harvard.edu,2
Jorry,Stilwell,19574470,Jorry.Stilwell@college.harvard.edu,2
Goldie,Sisile,14414869,Goldie.Sisile@college.harvard.edu,2
Lila,Sinegold,19159524,Lila.Sinegold@college.harvard.edu,2
Suzette,Etom,18230466,Suzette.Etom@college.harvard.edu,2
Lanna,Kaja,10324447,Lanna.Kaja@college.harvard.edu,2
Althea,Deegan,12802873,Althea.Deegan@college.harvard.edu,2
Luci,Myrilla,18165262,Luci.Myrilla@college.harvard.edu,2
Ketti,Yorick,14552309,Ketti.Yorick@college.harvard.edu,2
Talya,Ciapas,10195951,Talya.Ciapas@college.harvard.edu,2
Shell,Phaidra,13136613,Shell.Phaidra@college.harvard.edu,2
Tina,Isidore,10302738,Tina.Isidore@college.harvard.edu,2
Catrina,Adlare,14406501,Catrina.Adlare@college.harvard.edu,2
Lynea,Israeli,17410167,Lynea.Israeli@college.harvard.edu,2
