Priscilla,Geffner,14666772,Priscilla.Geffner@college.harvard.edu,3
Anthia,Blase,14657089,Anthia.Blase@college.harvard.edu,3
Roberta,Ingra,11936833,Roberta.Ingra@college.harvard.edu,3
Moyna,Dorothy,12556187,Moyna.Dorothy@college.harvard.edu,3
Alejandra,Ehrman,16185753,Alejandra.Ehrman@college.harvard.edu,3
Elyssa,Wu,12316153,Elyssa.Wu@college.harvard.edu,3
Collen,Garek,17585948,Collen.Garek@college.harvard.edu,3
Kassey,Screens,16344805,Kassey.Screens@college.harvard.edu,3
Ronna,Waldron,17957371,Ronna.Waldron@college.harvard.edu,3
Christy,Iiette,13392284,Christy.Iiette@college.harvard.edu,3
Annecorinne,Jerald,14448714,Annecorinne.Jerald@college.harvard.edu,3
Sara-Ann,Leopold,14818968,Sara-Ann.Leopold@college.harvard.edu,3
Julieta,Sheng,14858247,Julieta.Sheng@college.harvard.edu,3
Priscilla,Blisse,17187246,Priscilla.Blisse@college.harvard.edu,3
Kittie,Seumas,17227745,Kittie.Seumas@college.harvard.edu,3
Annecorinne,Marijo,15561593,Annecorinne.Marijo@college.harvard.edu,3
Lila,Shanley,12740931,Lila.Shanley@college.harvard.edu,3
Fernande,Nester,16794516,Fernande.Nester@college.harvard.edu,3
Neila,Haymes,16440834,Neila.Haymes@college.harvard.edu,3
Constance,Gilbertson,19270895,Constance.Gilbertson@college.harvard.edu,3
Bobinette,Matthew,15380655,Bobinette.Matthew@college.harvard.edu,3
Silvana,McClimans,11514978,Silvana.McClimans@college.harvard.edu,3
Fredericka,Emanuel,16334739,Fredericka.Emanuel@college.harvard.edu,3
Rosabelle,Lymann,12009571,Rosabelle.Lymann@college.harvard.edu,3
Rubie,Allare,17495367,Rubie.Allare@college.harvard.edu,3
Latisha,Fink,18665119,Latisha.Fink@college.harvard.edu,3
Violet,Pearse,16987852,Violet.Pearse@college.harvard.edu,3
Briney,Hoban,17562479,Briney.Hoban@college.harvard.edu,3
Aimil,Reneta,11416674,Aimil.Reneta@college.harvard.edu,3
Vere,Mitzi,15866728,Vere.Mitzi@college.harvard.edu,3
Patricia,Alejoa,16214403,Patricia.Alejoa@college.harvard.edu,3
Molli,Belldas,17872710,Molli.Belldas@college.harvard.edu,3
Ida,Linehan,18798588,Ida.Linehan@college.harvard.edu,3
Gwyneth,Juliet,13474778,Gwyneth.Juliet@college.harvard.edu,3
Aimil,Constancy,10888866,Aimil.Constancy@college.harvard.edu,3
Sue,Arley,14858721,Sue.Arley@college.harvard.edu,3
Almeta,Erich,15984018,Almeta.Erich@college.harvard.edu,3
Valli,Cath,18748627,Valli.Cath@college.harvard.edu,3
Cam,Roumell,16349829,Cam.Roumell@college.harvard.edu,3
Therine,Durante,11377390,Therine.Durante@college.harvard.edu,3
Shandie,Kaete,12267475,Shandie.Kaete@college.harvard.edu,3
Shandie,Kronfeld,16293724,Shandie.Kronfeld@college.harvard.edu,3
Adriana,Joni,13722087,Adriana.Joni@college.harvard.edu,3
Rhea,Honoria,14749518,Rhea.Honoria@college.harvard.edu,3
Farrah,Kronfeld,13465275,Farrah.Kronfeld@college.harvard.edu,3
Vanessa,Ardra,15201110,Vanessa.Ardra@college.harvard.edu,3
Mara,Alva,19709563,Mara.Alva@college.harvard.edu,3
Charlena,Redmond,10221543,Charlena.Redmond@college.harvard.edu,3
Laure,Shama,16817632,Laure.Shama@college.harvard.edu,3
Shaine,Meli,15484522,Shaine.Meli@college.harvard.edu,3
Ilse,Zetta,13378562,Ilse.Zetta@college.harvard.edu,3
Jennica,Carleen,14124106,Jennica.Carleen@college.harvard.edu,3
Darlleen,Alcott,19099571,Darlleen.Alcott@college.harvard.edu,3
Harmonia,Norrie,17792981,Harmonia.Norrie@college.harvard.edu,3
Dianemarie,Naashom,15387105,Dianemarie.Naashom@college.harvard.edu,3
Susette,Guthrie,18506702,Susette.Guthrie@college.harvard.edu,3
Lelah,Gabrielli,14213291,Lelah.Gabrielli@college.harvard.edu,3
Ninnetta,Reinke,12248015,Ninnetta.Reinke@college.harvard.edu,3
Ermengarde,Justinn,18096914,Ermengarde.Justinn@college.harvard.edu,3
Edith,Olnee,18043093,Edith.Olnee@college.harvard.edu,3
Elora,Sundin,19600495,Elora.Sundin@college.harvard.edu,3
Leia,Peg,10541191,Leia.Peg@college.harvard.edu,3
Jaclyn,Brodench,14834037,Jaclyn.Brodench@college.harvard.edu,3
Roberta,Vary,19231132,Roberta.Vary@college.harvard.edu,3
Gabi,Eno,11189874,Gabi.Eno@college.harvard.edu,3
Calla,Braun,13285924,Calla.Braun@college.harvard.edu,3
Orelia,Ferrell,11048385,Orelia.Ferrell@college.harvard.edu,3
Nyssa,Himelman,12791091,Nyssa.Himelman@college.harvard.edu,3
Ricky,Rebecka,15608353,Ricky.Rebecka@college.harvard.edu,3
Babita,Sinegold,18677649,Babita.Sinegold@college.harvard.edu,3
Cecile,Thornburg,12951429,Cecile.Thornburg@college.harvard.edu,3
Stephanie,Moseley,13231539,Stephanie.Moseley@college.harvard.edu,3
Alameda,Gino,13595522,Alameda.Gino@college.harvard.edu,3
Gertrud,Belldas,14517085,Gertrud.Belldas@college.harvard.edu,3
Lesly,Alarise,18875378,Lesly.Alarise@college.harvard.edu,3
Betta,Naashom,19879757,Betta.Naashom@college.harvard.edu,3
Julieta,Idelia,14931747,Julieta.Idelia@college.harvard.edu,3
Briney,Trace,13702123,Briney.Trace@college.harvard.edu,3
Annora,Luhe,15735964,Annora.Luhe@college.harvard.edu,3
Correy,Xerxes,13107323,Correy.Xerxes@college.harvard.edu,3
Constance,Evangelia,11416501,Constance.Evangelia@college.harvard.edu,3
Orelia,Byrne,17973940,Orelia.Byrne@college.harvard.edu,3
Aigneis,Hessler,15059379,Aigneis.Hessler@college.harvard.edu,3
Hermione,Virgin,15598950,Hermione.Virgin@college.harvard.edu,3
Gerianna,Ashok,18081379,Gerianna.Ashok@college.harvard.edu,3
Diena,Raama,17544865,Diena.Raama@college.harvard.edu,3
Amii,Whiffen,16183903,Amii.Whiffen@college.harvard.edu,3
Carolina,Pacorro,16629153,Carolina.Pacorro@college.harvard.edu,3
Etta,Guthrie,16163483,Etta.Guthrie@college.harvard.edu,3
Merci,Nisbet,11234062,Merci.Nisbet@college.harvard.edu,3
Raina,Hailee,14270773,Raina.Hailee@college.harvard.edu,3
Stevana,Lauraine,17552406,Stevana.Lauraine@college.harvard.edu,3
Katuscha,Greyson,13538431,Katuscha.Greyson@college.harvard.edu,3
Merci,Bevin,10506308,Merci.Bevin@college.harvard.edu,3
Latisha,Kermit,15723035,Latisha.Kermit@college.harvard.edu,3
Bobinette,Nickola,14457328,Bobinette.Nickola@college.harvard.edu,3
Rochette,Ammann,14913917,Rochette.Ammann@college.harvard.edu,3
Sarette,Ries,16930019,Sarette.Ries@college.harvard.edu,3
Riannon,Stanwood,10024217,Riannon.Stanwood@college.harvard.edu,3
Kirstin,Stilwell,18754355,Kirstin.Stilwell@college.harvard.edu,3
Gabriellia,Dyche,17931888,Gabriellia.Dyche@college.harvard.edu,3
Benita,Medrek,14325078,Benita.Medrek@college.harvard.edu,3
Maye,Haerr,19132153,Maye.Haerr@college.harvard.edu,3
Zondra,Kazimir,18680396,Zondra.Kazimir@college.harvard.edu,3
Orelia,Drisko,10410477,Orelia.Drisko@college.harvard.edu,3
Rubie,Marijo,15074851,Rubie.Marijo@college.harvard.edu,3
Belinda,Burnside,18589792,Belinda.Burnside@college.harvard.edu,3
Gretal,Berne,12116363,Gretal.Berne@college.harvard.edu,3
Joelly,Orlene,12612672,Joelly.Orlene@college.harvard.edu,3
Alisha,Gordon,10221779,Alisha.Gordon@college.harvard.edu,3
Hollie,Hanleigh,12978626,Hollie.Hanleigh@college.harvard.edu,3
Gale,Yorick,15923521,Gale.Yorick@college.harvard.edu,3
Laure,Destinee,13016701,Laure.Destinee@college.harvard.edu,3
Atlanta,Lanita,12339168,Atlanta.Lanita@college.harvard.edu,3
Caritta,Adamsen,19690657,Caritta.Adamsen@college.harvard.edu,3
Laure,Tayib,13439816,Laure.Tayib@college.harvard.edu,3
Leanna,Autrey,17451210,Leanna.Autrey@college.harvard.edu,3
Cherilyn,Stav,14011216,Cherilyn.Stav@college.harvard.edu,3
Aimil,LaRue,13801988,Aimil.LaRue@college.harvard.edu,3
Aili,Berl,14282080,Aili.Berl@college.harvard.edu,3
Carolina,Wadell,19549229,Carolina.Wadell@college.harvard.edu,3
Melisent,Seagraves,10533859,Melisent.Seagraves@college.harvard.edu,3
Zondra,Chauncey,18287341,Zondra.Chauncey@college.harvard.edu,3
Benita,Read,12250268,Benita.Read@college.harvard.edu,3
Kathy,Hewitt,18371762,Kathy.Hewitt@college.harvard.edu,3
Trixi,Nickola,19310477,Trixi.Nickola@college.harvard.edu,3
Lauryn,Jalbert,15950162,Lauryn.Jalbert@college.harvard.edu,3
Veda,Angelis,17373645,Veda.Angelis@college.harvard.edu,3
Carly,Cohdwell,19467576,Carly.Cohdwell@college.harvard.edu,3
Sean,Remmer,10100627,Sean.Remmer@college.harvard.edu,3
Charissa,Delila,11952173,Charissa.Delila@college.harvard.edu,3
Diena,Edee,12267490,Diena.Edee@college.harvard.edu,3
Neila,Suk,11474238,Neila.Suk@college.harvard.edu,3
Rosabelle,Hebner,18539959,Rosabelle.Hebner@college.harvard.edu,3
Maud,Elsinore,18453581,Maud.Elsinore@college.harvard.edu,3
Emmey,Cleo,12925065,Emmey.Cleo@college.harvard.edu,3
Vivia,Bluh,10164273,Vivia.Bluh@college.harvard.edu,3
Bernie,Tristram,16206011,Bernie.Tristram@college.harvard.edu,3
Glynnis,Alrich,16101525,Glynnis.Alrich@college.harvard.edu,3
Latisha,Lowry,15627752,Latisha.Lowry@college.harvard.edu,3
Kristina,Roscoe,17390121,Kristina.Roscoe@college.harvard.edu,3
Genevra,Rillings,10949407,Genevra.Rillings@college.harvard.edu,3
Drucie,Abram,15790582,Drucie.Abram@college.harvard.edu,3
Hollie,Teryn,19937443,Hollie.Teryn@college.harvard.edu,3
Aaren,Torray,12031783,Aaren.Torray@college.harvard.edu,3
Aryn,Yerkovich,14900582,Aryn.Yerkovich@college.harvard.edu,3
Malina,Bonilla,10078311,Malina.Bonilla@college.harvard.edu,3
Clary,Merat,11186850,Clary.Merat@college.harvard.edu,3
Sara-Ann,Granoff,15624180,Sara-Ann.Granoff@college.harvard.edu,3
Barbara,Izaak,11720047,Barbara.Izaak@college.harvard.edu,3
Dagmar,Ralfston,12534837,Dagmar.Ralfston@college.harvard.edu,3
Tybie,Elo,19894264,Tybie.Elo@college.harvard.edu,3
Britni,Tybald,10439068,Britni.Tybald@college.harvard.edu,3
Kayla,Hachmin,10673577,Kayla.Hachmin@college.harvard.edu,3
Frank,Kathie,16862194,Frank.Kathie@college.harvard.edu,3
Cathie,Bettine,12998855,Cathie.Bettine@college.harvard.edu,3
Teriann,Raseda,13881261,Teriann.Raseda@college.harvard.edu,3
Etta,Girardo,13042891,Etta.Girardo@college.harvard.edu,3
Sheelagh,Adamsen,18459894,Sheelagh.Adamsen@college.harvard.edu,3
Margette,Boehike,17049726,Margette.Boehike@college.harvard.edu,3
Jobi,Creamer,18169826,Jobi.Creamer@college.harvard.edu,3
