Evita,Whittaker,16942112,Evita.Whittaker@college.harvard.edu,4
Jaclyn,Flita,18705071,Jaclyn.Flita@college.harvard.edu,4
Carmencita,Drisko,17368711,Carmencita.Drisko@college.harvard.edu,4
Mariele,Sawtelle,17643066,Mariele.Sawtelle@college.harvard.edu,4
Cyb,Rurik,10785022,Cyb.Rurik@college.harvard.edu,4
Morganica,Atcliffe,18171957,Morganica.Atcliffe@college.harvard.edu,4
Nicoli,Morrill,18458190,Nicoli.Morrill@college.harvard.edu,4
Agathe,Maribeth,10512634,Agathe.Maribeth@college.harvard.edu,4
Siana,Valoniah,10971840,Siana.Valoniah@college.harvard.edu,4
Helena,Zamora,12541094,Helena.Zamora@college.harvard.edu,4
Hermione,Valerio,12033707,Hermione.Valerio@college.harvard.edu,4
Olivette,Sprage,12803689,Olivette.Sprage@college.harvard.edu,4
Cordi,Bronk,13062118,Cordi.Bronk@college.harvard.edu,4
Claudina,Artie,14132861,Claudina.Artie@college.harvard.edu,4
Elvira,Thema,12627778,Elvira.Thema@college.harvard.edu,4
Giustina,Zrike,10243008,Giustina.Zrike@college.harvard.edu,4
Dione,Rad,17225979,Dione.Rad@college.harvard.edu,4
Winny,Tryck,14652923,Winny.Tryck@college.harvard.edu,4
Tracey,Ammann,17612272,Tracey.Ammann@college.harvard.edu,4
Marjie,Tristram,18960145,Marjie.Tristram@college.harvard.edu,4
Jobi,Gusella,15831002,Jobi.Gusella@college.harvard.edu,4
Averyl,Fredi,10926797,Averyl.Fredi@college.harvard.edu,4
Brietta,Bartlett,11396882,Brietta.Bartlett@college.harvard.edu,4
Alia,Wenoa,13934131,Alia.Wenoa@college.harvard.edu,4
Roberta,Truc,10732636,Roberta.Truc@college.harvard.edu,4
Reeba,Wyn,18793626,Reeba.Wyn@college.harvard.edu,4
Valeda,Fiester,14512673,Valeda.Fiester@college.harvard.edu,4
Thalia,Atonsah,13035523,Thalia.Atonsah@college.harvard.edu,4
Kamilah,Margret,14691040,Kamilah.Margret@college.harvard.edu,4
Lanae,Arley,18467116,Lanae.Arley@college.harvard.edu,4
Sashenka,Dudley,19374537,Sashenka.Dudley@college.harvard.edu,4
Ardys,Ursulette,19257991,Ardys.Ursulette@college.harvard.edu,4
Jessy,Justinn,15859306,Jessy.Justinn@college.harvard.edu,4
Julieta,Dash,12116605,Julieta.Dash@college.harvard.edu,4
Dale,Blake,19847603,Dale.Blake@college.harvard.edu,4
Joleen,Madelene,18827190,Joleen.Madelene@college.harvard.edu,4
Hannis,Huggins,18598141,Hannis.Huggins@college.harvard.edu,4
Annora,Riva,16776558,Annora.Riva@college.harvard.edu,4
Romona,Gilbertson,19250888,Romona.Gilbertson@college.harvard.edu,4
Genevra,Pulsifer,18354386,Genevra.Pulsifer@college.harvard.edu,4
Sara-Ann,Kirbee,16507157,Sara-Ann.Kirbee@college.harvard.edu,4
Georgina,Norrie,16152376,Georgina.Norrie@college.harvard.edu,4
Consuela,Haerr,13072923,Consuela.Haerr@college.harvard.edu,4
Rori,Hebner,19289418,Rori.Hebner@college.harvard.edu,4
Harmonia,Mike,18002861,Harmonia.Mike@college.harvard.edu,4
Merry,Meli,19293136,Merry.Meli@college.harvard.edu,4
Emylee,Felecia,19931607,Emylee.Felecia@college.harvard.edu,4
Benita,Zola,18055753,Benita.Zola@college.harvard.edu,4
Kimmy,Erb,16700176,Kimmy.Erb@college.harvard.edu,4
Nelle,Behre,16448122,Nelle.Behre@college.harvard.edu,4
Clarice,Constancy,18401177,Clarice.Constancy@college.harvard.edu,4
Drucie,Karylin,18703631,Drucie.Karylin@college.harvard.edu,4
Sadie,Isidore,18358708,Sadie.Isidore@college.harvard.edu,4
Yolane,Modie,11562119,Yolane.Modie@college.harvard.edu,4
Maud,Faust,16110589,Maud.Faust@college.harvard.edu,4
Berget,Zamora,16516619,Berget.Zamora@college.harvard.edu,4
Ivett,O'Neill,18808262,Ivett.O'Neill@college.harvard.edu,4
Sybille,Valoniah,15672703,Sybille.Valoniah@college.harvard.edu,4
Raf,Strephon,10878788,Raf.Strephon@college.harvard.edu,4
Raquela,Chaing,19614740,Raquela.Chaing@college.harvard.edu,4
Elbertina,Clara,11249526,Elbertina.Clara@college.harvard.edu,4
Letizia,Hartnett,13329529,Letizia.Hartnett@college.harvard.edu,4
Fina,Brandice,16502184,Fina.Brandice@college.harvard.edu,4
Christal,Cavan,17325343,Christal.Cavan@college.harvard.edu,4
Addia,Lane,10567888,Addia.Lane@college.harvard.edu,4
Cristabel,Pierette,17574869,Cristabel.Pierette@college.harvard.edu,4
Louella,Madox,16677976,Louella.Madox@college.harvard.edu,4
Rosene,Zaslow,16287104,Rosene.Zaslow@college.harvard.edu,4
Ursulina,Konyn,17700701,Ursulina.Konyn@college.harvard.edu,4
Gertrud,Erminia,16255096,Gertrud.Erminia@college.harvard.edu,4
Corina,Podvin,13673860,Corina.Podvin@college.harvard.edu,4
Tiffie,Lacombe,11269300,Tiffie.Lacombe@college.harvard.edu,4
Olwen,Gualtiero,15683100,Olwen.Gualtiero@college.harvard.edu,4
Jenda,Morrill,16764648,Jenda.Morrill@college.harvard.edu,4
Tybie,Wareing,11565176,Tybie.Wareing@college.harvard.edu,4
Stephanie,Ioab,14589385,Stephanie.Ioab@college.harvard.edu,4
Ofilia,Llovera,11279515,Ofilia.Llovera@college.harvard.edu,4
Leanna,Arley,10058655,Leanna.Arley@college.harvard.edu,4
Jeanna,Ovid,14674361,Jeanna.Ovid@college.harvard.edu,4
Priscilla,Carleen,15682043,Priscilla.Carleen@college.harvard.edu,4
Iseabal,Constancy,10160090,Iseabal.Constancy@college.harvard.edu,4
Latisha,Armanda,14740383,Latisha.Armanda@college.harvard.edu,4
Sophia,Daniele,15288453,Sophia.Daniele@college.harvard.edu,4
Ginnie,August,10028149,Ginnie.August@college.harvard.edu,4
Laure,Rosemary,12459845,Laure.Rosemary@college.harvard.edu,4
Moyna,Suanne,12365512,Moyna.Suanne@college.harvard.edu,4
Romona,Calhoun,14938737,Romona.Calhoun@college.harvard.edu,4
Bibby,Lowry,14671785,Bibby.Lowry@college.harvard.edu,4
Clarice,Ackerley,11203148,Clarice.Ackerley@college.harvard.edu,4
Fernande,Joachim,16395052,Fernande.Joachim@college.harvard.edu,4
Marylou,Infield,19490021,Marylou.Infield@college.harvard.edu,4
Dolli,Cordi,11469644,Dolli.Cordi@college.harvard.edu,4
Ermengarde,Bartlett,15322110,Ermengarde.Bartlett@college.harvard.edu,4
Vinita,Jess,18802249,Vinita.Jess@college.harvard.edu,4
Gilligan,Atonsah,11926715,Gilligan.Atonsah@college.harvard.edu,4
Jsandye,Cristi,14216275,Jsandye.Cristi@college.harvard.edu,4
Louella,Tannie,12941265,Louella.Tannie@college.harvard.edu,4
Claudina,Clara,15834642,Claudina.Clara@college.harvard.edu,4
Nicoli,Baudin,17305866,Nicoli.Baudin@college.harvard.edu,4
Max,Mike,10085848,Max.Mike@college.harvard.edu,4
Aurore,Luhe,11083662,Aurore.Luhe@college.harvard.edu,4
Robinia,Raul,10889824,Robinia.Raul@college.harvard.edu,4
Steffane,Lacombe,13376740,Steffane.Lacombe@college.harvard.edu,4
Max,Means,14199348,Max.Means@college.harvard.edu,4
Johna,Eiser,14713629,Johna.Eiser@college.harvard.edu,4
Estell,Garek,12977403,Estell.Garek@college.harvard.edu,4
Pierette,Belanger,17820258,Pierette.Belanger@college.harvard.edu,4
Joane,Hourigan,16156345,Joane.Hourigan@college.harvard.edu,4
Vanessa,Macey,16275976,Vanessa.Macey@college.harvard.edu,4
Arabel,Leffen,13837190,Arabel.Leffen@college.harvard.edu,4
Corene,Thomasina,13351823,Corene.Thomasina@college.harvard.edu,4
Hallie,Goddard,13455127,Hallie.Goddard@college.harvard.edu,4
Nessie,Wilona,12736837,Nessie.Wilona@college.harvard.edu,4
Dulce,Carey,13061838,Dulce.Carey@college.harvard.edu,4
Henriette,Carlson,17471568,Henriette.Carlson@college.harvard.edu,4
Bobinette,Bennie,13859484,Bobinette.Bennie@college.harvard.edu,4
Susan,Granoff,18586304,Susan.Granoff@college.harvard.edu,4
Riannon,Wattenberg,18531901,Riannon.Wattenberg@college.harvard.edu,4
Johna,Aldric,10853350,Johna.Aldric@college.harvard.edu,4
Dede,Bevin,12076755,Dede.Bevin@college.harvard.edu,4
Claresta,Monaco,10359657,Claresta.Monaco@college.harvard.edu,4
Dorice,Boycey,17692558,Dorice.Boycey@college.harvard.edu,4
Ivett,Andrel,18757525,Ivett.Andrel@college.harvard.edu,4
Kelly,Anyah,18523066,Kelly.Anyah@college.harvard.edu,4
Fredericka,Bartlett,13291701,Fredericka.Bartlett@college.harvard.edu,4
Shaine,Elephus,19476943,Shaine.Elephus@college.harvard.edu,4
Olivette,Aldric,17357122,Olivette.Aldric@college.harvard.edu,4
Alie,Vanni,16326680,Alie.Vanni@college.harvard.edu,4
Alexine,Torray,10784623,Alexine.Torray@college.harvard.edu,4
Kassey,Tybald,12263091,Kassey.Tybald@college.harvard.edu,4
Edith,Yate,13452644,Edith.Yate@college.harvard.edu,4
Roxane,Weinreb,13658477,Roxane.Weinreb@college.harvard.edu,4
Vere,Delila,12164288,Vere.Delila@college.harvard.edu,4
Ilse,Rona,12708712,Ilse.Rona@college.harvard.edu,4
Carolina,Belanger,18371354,Carolina.Belanger@college.harvard.edu,4
Kary,Mike,13717657,Kary.Mike@college.harvard.edu,4
Selia,Leler,10779599,Selia.Leler@college.harvard.edu,4
Belinda,Daniele,17167468,Belinda.Daniele@college.harvard.edu,4
Susette,O'Rourke,15958817,Susette.O'Rourke@college.harvard.edu,4
Marika,Kannry,17441113,Marika.Kannry@college.harvard.edu,4
Robbi,Suk,12603456,Robbi.Suk@college.harvard.edu,4
Zondra,Shaddock,10782217,Zondra.Shaddock@college.harvard.edu,4
Alia,Audly,11579133,Alia.Audly@college.harvard.edu,4
Nariko,Marsden,11707944,Nariko.Marsden@college.harvard.edu,4
Jan,Liva,16093870,Jan.Liva@college.harvard.edu,4
Concettina,Bohlin,13186776,Concettina.Bohlin@college.harvard.edu,4
Latisha,Even,18843429,Latisha.Even@college.harvard.edu,4
Julieta,Remmer,10462950,Julieta.Remmer@college.harvard.edu,4
Mathilda,Japeth,19845330,Mathilda.Japeth@college.harvard.edu,4
Liana,Redmond,12845395,Liana.Redmond@college.harvard.edu,4
Jillayne,Gillan,13366343,Jillayne.Gillan@college.harvard.edu,4
Vevay,Timon,13203250,Vevay.Timon@college.harvard.edu,4
Gilda,Brieta,11581271,Gilda.Brieta@college.harvard.edu,4
