Zondra,Cadmar,12486497,Zondra.Cadmar@college.harvard.edu,5
Bernardine,Sophronia,16311101,Bernardine.Sophronia@college.harvard.edu,5
Chrystel,Borrell,16164885,Chrystel.Borrell@college.harvard.edu,5
Deirdre,Ioab,11777577,Deirdre.Ioab@college.harvard.edu,5
Heida,Izaak,13942697,Heida.Izaak@college.harvard.edu,5
Rozele,Wilkinson,15118764,Rozele.Wilkinson@college.harvard.edu,5
Ethel,Hartnett,11383680,Ethel.Hartnett@college.harvard.edu,5
Jenilee,Vastah,11949445,Jenilee.Vastah@college.harvard.edu,5
Fina,Himelman,16919718,Fina.Himelman@college.harvard.edu,5
Kaia,Cavan,19395700,Kaia.Cavan@college.harvard.edu,5
Mathilda,Urania,19811224,Mathilda.Urania@college.harvard.edu,5
Ann-Marie,Sherrie,13813311,Ann-Marie.Sherrie@college.harvard.edu,5
Brietta,Primalia,16916977,Brietta.Primalia@college.harvard.edu,5
Keelia,Tippets,18861408,Keelia.Tippets@college.harvard.edu,5
Kristan,Standing,19728411,Kristan.Standing@college.harvard.edu,5
Aigneis,Zeeba,15499848,Aigneis.Zeeba@college.harvard.edu,5
Clarice,Kellby,15104822,Clarice.Kellby@college.harvard.edu,5
Sybille,Merriott,10431764,Sybille.Merriott@college.harvard.edu,5
Kylynn,Garbe,11890866,Kylynn.Garbe@college.harvard.edu,5
Orelia,Diann,16575256,Orelia.Diann@college.harvard.edu,5
Allis,Glenden,18548650,Allis.Glenden@college.harvard.edu,5
Laurene,Zenas,16077152,Laurene.Zenas@college.harvard.edu,5
Genevra,Harriman,17355758,Genevra.Harriman@college.harvard.edu,5
Cissiee,Ehrman,16000436,Cissiee.Ehrman@college.harvard.edu,5
Chastity,Sabella,13299610,Chastity.Sabella@college.harvard.edu,5
Jaclyn,Ioab,12898682,Jaclyn.Ioab@college.harvard.edu,5
Ottilie,Pond,19601509,Ottilie.Pond@college.harvard.edu,5
Vevay,Sancho,15364919,Vevay.Sancho@college.harvard.edu,5
Ann-Marie,Eldrid,17484776,Ann-Marie.Eldrid@college.harvard.edu,5
Alex,Modie,12824975,Alex.Modie@college.harvard.edu,5
Louella,Eachern,11791568,Louella.Eachern@college.harvard.edu,5
Reeba,Anyah,13425993,Reeba.Anyah@college.harvard.edu,5
Lynnea,Daveta,15787314,Lynnea.Daveta@college.harvard.edu,5
Renie,Heisel,15944090,Renie.Heisel@college.harvard.edu,5
Ileana,Michella,14244904,Ileana.Michella@college.harvard.edu,5
Ida,Shuler,19521623,Ida.Shuler@college.harvard.edu,5
Aimil,Tacye,15221282,Aimil.Tacye@college.harvard.edu,5
Adore,Cynar,13732698,Adore.Cynar@college.harvard.edu,5
Beatriz,Clara,15921985,Beatriz.Clara@college.harvard.edu,5
Bobinette,Jagir,17701556,Bobinette.Jagir@college.harvard.edu,5
Yetty,Ralfston,17852222,Yetty.Ralfston@college.harvard.edu,5
Winny,Gerge,16197304,Winny.Gerge@college.harvard.edu,5
Lacie,Phyllis,18497809,Lacie.Phyllis@college.harvard.edu,5
Henriette,Manolo,10578825,Henriette.Manolo@college.harvard.edu,5
Melisent,Daveta,12394314,Melisent.Daveta@college.harvard.edu,5
Tracey,Bennie,15049751,Tracey.Bennie@college.harvard.edu,5
Ricky,Beebe,10279094,Ricky.Beebe@college.harvard.edu,5
Ashlee,Rurik,15452212,Ashlee.Rurik@college.harvard.edu,5
Allyce,Melony,14607204,Allyce.Melony@college.harvard.edu,5
Chloris,Seumas,15887530,Chloris.Seumas@college.harvard.edu,5
Cassandra,Durante,19700216,Cassandra.Durante@college.harvard.edu,5
Lorenza,Zenas,15456782,Lorenza.Zenas@college.harvard.edu,5
Laure,Oscar,12525371,Laure.Oscar@college.harvard.edu,5
Jere,Toffic,11539889,Jere.Toffic@college.harvard.edu,5
Siana,Ciapas,16454736,Siana.Ciapas@college.harvard.edu,5
Dulcinea,Erskine,10629135,Dulcinea.Erskine@college.harvard.edu,5
Desirae,Meli,12816224,Desirae.Meli@college.harvard.edu,5
Paulita,Saunderson,11296242,Paulita.Saunderson@college.harvard.edu,5
Chickie,Shanley,13273260,Chickie.Shanley@college.harvard.edu,5
Suzette,Dulciana,19649206,Suzette.Dulciana@college.harvard.edu,5
Ivett,Genna,12257334,Ivett.Genna@college.harvard.edu,5
Kaja,Raimondo,13394970,Kaja.Raimondo@college.harvard.edu,5
Monika,Tamar,18565778,Monika.Tamar@college.harvard.edu,5
Gilda,Japeth,12094028,Gilda.Japeth@college.harvard.edu,5
Annaliese,Alejoa,13470073,Annaliese.Alejoa@college.harvard.edu,5
Natka,Federica,18199273,Natka.Federica@college.harvard.edu,5
Audrie,Smitt,18043967,Audrie.Smitt@college.harvard.edu,5
Odessa,Oriana,17680275,Odessa.Oriana@college.harvard.edu,5
Rosene,Harriman,18270990,Rosene.Harriman@college.harvard.edu,5
Sheelagh,Rad,10297506,Sheelagh.Rad@college.harvard.edu,5
Leontine,Othilia,15282868,Leontine.Othilia@college.harvard.edu,5
Tersina,Haerr,14226515,Tersina.Haerr@college.harvard.edu,5
Karlee,Schonfeld,19820706,Karlee.Schonfeld@college.harvard.edu,5
Ardys,Merna,11103500,Ardys.Merna@college.harvard.edu,5
Ethel,Pozzy,19426730,Ethel.Pozzy@college.harvard.edu,5
Shandie,Shanley,19498550,Shandie.Shanley@college.harvard.edu,5
Allyce,Kannry,19389781,Allyce.Kannry@college.harvard.edu,5
Max,Carlson,14259569,Max.Carlson@college.harvard.edu,5
Britni,Morgun,16091293,Britni.Morgun@college.harvard.edu,5
Elie,Braun,15852691,Elie.Braun@college.harvard.edu,5
Cordi,Dielu,12974748,Cordi.Dielu@college.harvard.edu,5
Lauryn,Rustice,16087399,Lauryn.Rustice@college.harvard.edu,5
Selia,Zaslow,12407592,Selia.Zaslow@college.harvard.edu,5
Kial,Ochs,12922281,Kial.Ochs@college.harvard.edu,5
Cristabel,Garlinda,17429514,Cristabel.Garlinda@college.harvard.edu,5
Bertine,Carbo,10304187,Bertine.Carbo@college.harvard.edu,5
Fanny,Screens,17319473,Fanny.Screens@college.harvard.edu,5
Lexine,Schroth,12373036,Lexine.Schroth@college.harvard.edu,5
Mamie,Lumbard,15109809,Mamie.Lumbard@college.harvard.edu,5
Melisent,Montgomery,18277128,Melisent.Montgomery@college.harvard.edu,5
Heida,Rosemary,14467497,Heida.Rosemary@college.harvard.edu,5
Eugine,Sprage,18949234,Eugine.Sprage@college.harvard.edu,5
Kial,Amethist,11965031,Kial.Amethist@college.harvard.edu,5
Mireielle,Anselmi,13980421,Mireielle.Anselmi@college.harvard.edu,5
Celene,Dearborn,19991874,Celene.Dearborn@college.harvard.edu,5
Merrie,Sprage,19758014,Merrie.Sprage@college.harvard.edu,5
Sibella,Carleen,13830984,Sibella.Carleen@college.harvard.edu,5
Kathi,Millda,15187822,Kathi.Millda@college.harvard.edu,5
Pierette,Toni,15272379,Pierette.Toni@college.harvard.edu,5
Basia,Tamar,16679035,Basia.Tamar@college.harvard.edu,5
Gavrielle,Rustice,16139691,Gavrielle.Rustice@college.harvard.edu,5
Rochette,Evangelia,11486913,Rochette.Evangelia@college.harvard.edu,5
Elka,Greyson,17937475,Elka.Greyson@college.harvard.edu,5
Adelle,Kiyoshi,16519622,Adelle.Kiyoshi@college.harvard.edu,5
Marsiella,Luhe,19570569,Marsiella.Luhe@college.harvard.edu,5
Kary,Imelida,11482330,Kary.Imelida@college.harvard.edu,5
Kirstin,Gibbeon,17320478,Kirstin.Gibbeon@college.harvard.edu,5
Maryellen,Durante,14111756,Maryellen.Durante@college.harvard.edu,5
Max,Medrek,17823830,Max.Medrek@college.harvard.edu,5
Karina,Serilda,11976006,Karina.Serilda@college.harvard.edu,5
Ariela,Burnside,13938255,Ariela.Burnside@college.harvard.edu,5
Marcy,Ellerey,19760726,Marcy.Ellerey@college.harvard.edu,5
Danny,McGrody,10636581,Danny.McGrody@college.harvard.edu,5
Adriana,Liebermann,13083851,Adriana.Liebermann@college.harvard.edu,5
Steffane,Cassius,18739767,Steffane.Cassius@college.harvard.edu,5
Jeanna,Sothena,12179921,Jeanna.Sothena@college.harvard.edu,5
Dulce,Vernier,16509370,Dulce.Vernier@college.harvard.edu,5
Olivette,Atonsah,12312854,Olivette.Atonsah@college.harvard.edu,5
Lucille,Nadia,12287993,Lucille.Nadia@college.harvard.edu,5
Paule,Nunci,13114505,Paule.Nunci@college.harvard.edu,5
Lynea,Manolo,12962995,Lynea.Manolo@college.harvard.edu,5
Briney,Fairweather,19201081,Briney.Fairweather@college.harvard.edu,5
Norine,Glovsky,18162089,Norine.Glovsky@college.harvard.edu,5
Raina,Sadowski,11116451,Raina.Sadowski@college.harvard.edu,5
Thalia,Hull,12070102,Thalia.Hull@college.harvard.edu,5
Ellette,Rozanna,14317018,Ellette.Rozanna@college.harvard.edu,5
Nessie,Anyah,12191748,Nessie.Anyah@college.harvard.edu,5
Rubie,Juan,12579933,Rubie.Juan@college.harvard.edu,5
Jeanna,Oster,12199161,Jeanna.Oster@college.harvard.edu,5
Olwen,Izaak,13169686,Olwen.Izaak@college.harvard.edu,5
Candy,Merell,10452067,Candy.Merell@college.harvard.edu,5
Yetty,Hortensia,11908593,Yetty.Hortensia@college.harvard.edu,5
Sybille,Seessel,16966292,Sybille.Seessel@college.harvard.edu,5
Brynna,Wesle,15661423,Brynna.Wesle@college.harvard.edu,5
Kerrin,Kylander,18893630,Kerrin.Kylander@college.harvard.edu,5
Jessamyn,Juan,16352586,Jessamyn.Juan@college.harvard.edu,5
Giustina,Knowling,12201464,Giustina.Knowling@college.harvard.edu,5
Brana,Concha,12564036,Brana.Concha@college.harvard.edu,5
Talya,Merat,12561314,Talya.Merat@college.harvard.edu,5
Lucy,Pierette,11339895,Lucy.Pierette@college.harvard.edu,5
Aili,Jary,11802273,Aili.Jary@college.harvard.edu,5
Jennica,Richers,15184506,Jennica.Richers@college.harvard.edu,5
Corry,Solitta,14119834,Corry.Solitta@college.harvard.edu,5
Olwen,Jacqui,15711734,Olwen.Jacqui@college.harvard.edu,5
Yvonne,Friede,12443357,Yvonne.Friede@college.harvard.edu,5
Marsiella,Darian,19849260,Marsiella.Darian@college.harvard.edu,5
Larine,Evangelia,14956814,Larine.Evangelia@college.harvard.edu,5
Belinda,Dearborn,19309341,Belinda.Dearborn@college.harvard.edu,5
Jan,Gaynor,14060128,Jan.Gaynor@college.harvard.edu,5
Elena,Erskine,13191157,Elena.Erskine@college.harvard.edu,5
Bernardine,Boycey,16023468,Bernardine.Boycey@college.harvard.edu,5
Amalie,Lucienne,16143977,Amalie.Lucienne@college.harvard.edu,5
Eve,Verger,17284534,Eve.Verger@college.harvard.edu,5
Alie,Tybald,14250354,Alie.Tybald@college.harvard.edu,5
Anestassia,Claudine,11114570,Anestassia.Claudine@college.harvard.edu,5
Emmey,Rona,15608509,Emmey.Rona@college.harvard.edu,5
Loree,Ingra,18682611,Loree.Ingra@college.harvard.edu,5
Ursulina,Charmine,17843792,Ursulina.Charmine@college.harvard.edu,5
Clarice,Philoo,14558528,Clarice.Philoo@college.harvard.edu,5
Celene,Flita,14264948,Celene.Flita@college.harvard.edu,5
Joane,Clarissa,14867505,Joane.Clarissa@college.harvard.edu,5
Emelina,Hachmin,18917186,Emelina.Hachmin@college.harvard.edu,5
Mallory,Ajay,11476841,Mallory.Ajay@college.harvard.edu,5
Nelle,Erich,13451313,Nelle.Erich@college.harvard.edu,5
Fanny,Peg,12661749,Fanny.Peg@college.harvard.edu,5
Arabel,Dalli,18867335,Arabel.Dalli@college.harvard.edu,5
Elyssa,Zuzana,16973517,Elyssa.Zuzana@college.harvard.edu,5
Annecorinne,Cecile,13506041,Annecorinne.Cecile@college.harvard.edu,5
Nikki,Bobbee,16133910,Nikki.Bobbee@college.harvard.edu,5
Lonnie,Blisse,14330413,Lonnie.Blisse@college.harvard.edu,5
Orsola,Genna,17089264,Orsola.Genna@college.harvard.edu,5
Millie,Reidar,17097091,Millie.Reidar@college.harvard.edu,5
Marsiella,Edmund,17939908,Marsiella.Edmund@college.harvard.edu,5
