Catrina,Persse,14686761,Catrina.Persse@college.harvard.edu,6
Melina,Elsinore,13761016,Melina.Elsinore@college.harvard.edu,6
Lolita,Harday,18802346,Lolita.Harday@college.harvard.edu,6
Mureil,McLaughlin,16406290,Mureil.McLaughlin@college.harvard.edu,6
Robinia,Shirberg,15304763,Robinia.Shirberg@college.harvard.edu,6
Merci,Ailyn,14009783,Merci.Ailyn@college.harvard.edu,6
Laurene,Daniele,19854135,Laurene.Daniele@college.harvard.edu,6
Marcy,Sharl,11533090,Marcy.Sharl@college.harvard.edu,6
Kathi,Emmy,13607623,Kathi.Emmy@college.harvard.edu,6
Shandie,Wu,19974709,Shandie.Wu@college.harvard.edu,6
Glenda,Carmena,16836397,Glenda.Carmena@college.harvard.edu,6
Chloris,Dyche,19984627,Chloris.Dyche@college.harvard.edu,6
Xylina,Yorick,18703690,Xylina.Yorick@college.harvard.edu,6
Paola,Burnside,16692120,Paola.Burnside@college.harvard.edu,6
Rosanne,Pierette,14774090,Rosanne.Pierette@college.harvard.edu,6
Sallie,Beebe,12166088,Sallie.Beebe@college.harvard.edu,6
Fanchon,Lewes,19289772,Fanchon.Lewes@college.harvard.edu,6
Mireielle,Ardra,12726659,Mireielle.Ardra@college.harvard.edu,6
Brena,Kesley,19274804,Brena.Kesley@college.harvard.edu,6
Starla,Koehler,12057217,Starla.Koehler@college.harvard.edu,6
Doro,Dom,17592122,Doro.Dom@college.harvard.edu,6
Kylynn,Warthman,13782079,Kylynn.Warthman@college.harvard.edu,6
Agathe,Zachary,10057785,Agathe.Zachary@college.harvard.edu,6
Raina,Kristi,19694978,Raina.Kristi@college.harvard.edu,6
Keelia,Cordi,19066481,Keelia.Cordi@college.harvard.edu,6
Minne,Thornburg,10037617,Minne.Thornburg@college.harvard.edu,6
Josephine,Wesle,11985936,Josephine.Wesle@college.harvard.edu,6
Ivett,Rona,19991106,Ivett.Rona@college.harvard.edu,6
Myriam,Fabiola,13646566,Myriam.Fabiola@college.harvard.edu,6
Riannon,Redmond,19596885,Riannon.Redmond@college.harvard.edu,6
Lolita,Therine,11513216,Lolita.Therine@college.harvard.edu,6
Luci,Corabella,17742824,Luci.Corabella@college.harvard.edu,6
Malina,Hessler,19374064,Malina.Hessler@college.harvard.edu,6
Mathilda,Cosenza,13908008,Mathilda.Cosenza@college.harvard.edu,6
Gloria,Amadas,12220298,Gloria.Amadas@college.harvard.edu,6
Krystle,Vins,16731455,Krystle.Vins@college.harvard.edu,6
Melisent,Xerxes,15057567,Melisent.Xerxes@college.harvard.edu,6
Modestia,Center,12591112,Modestia.Center@college.harvard.edu,6
Susette,Kiersten,14398052,Susette.Kiersten@college.harvard.edu,6
Halette,Smitt,16408364,Halette.Smitt@college.harvard.edu,6
Mallory,Bandeen,16165052,Mallory.Bandeen@college.harvard.edu,6
Wanda,Primalia,10595043,Wanda.Primalia@college.harvard.edu,6
Mady,Ferrell,13518774,Mady.Ferrell@college.harvard.edu,6
Atlanta,Mauer,12565564,Atlanta.Mauer@college.harvard.edu,6
Tarra,Hessler,14325727,Tarra.Hessler@college.harvard.edu,6
Harmonia,Diogenes,14499510,Harmonia.Diogenes@college.harvard.edu,6
Aeriela,Lanita,12740103,Aeriela.Lanita@college.harvard.edu,6
Lita,Jalbert,16737782,Lita.Jalbert@college.harvard.edu,6
Vivia,Marden,17397965,Vivia.Marden@college.harvard.edu,6
Vanessa,Ogren,10174272,Vanessa.Ogren@college.harvard.edu,6
Daphne,Eliathas,13658434,Daphne.Eliathas@college.harvard.edu,6
Lucille,Jalbert,17029227,Lucille.Jalbert@college.harvard.edu,6
Cindelyn,Holbrook,12951408,Cindelyn.Holbrook@college.harvard.edu,6
Susan,Vittoria,13986225,Susan.Vittoria@college.harvard.edu,6
Andree,Roche,19632846,Andree.Roche@college.harvard.edu,6
Gilligan,Hanshaw,14960727,Gilligan.Hanshaw@college.harvard.edu,6
Kirstin,Ruvolo,10796580,Kirstin.Ruvolo@college.harvard.edu,6
Myriam,Freddi,19696593,Myriam.Freddi@college.harvard.edu,6
Cindelyn,Ferrell,18675179,Cindelyn.Ferrell@college.harvard.edu,6
Elie,Dearborn,15995500,Elie.Dearborn@college.harvard.edu,6
Cristine,Regan,17652493,Cristine.Regan@college.harvard.edu,6
Felice,Suk,13357726,Felice.Suk@college.harvard.edu,6
Regina,Konyn,19542595,Regina.Konyn@college.harvard.edu,6
Nyssa,Teddman,15402921,Nyssa.Teddman@college.harvard.edu,6
Kary,Mozelle,16343712,Kary.Mozelle@college.harvard.edu,6
Shell,Willie,14701557,Shell.Willie@college.harvard.edu,6
Cindelyn,Jobi,13147912,Cindelyn.Jobi@college.harvard.edu,6
Ellette,Hoenack,17039533,Ellette.Hoenack@college.harvard.edu,6
Gale,Diann,19396408,Gale.Diann@college.harvard.edu,6
Janis,Yusuk,16678519,Janis.Yusuk@college.harvard.edu,6
Reeba,Oscar,10822005,Reeba.Oscar@college.harvard.edu,6
Yetty,Charity,15001904,Yetty.Charity@college.harvard.edu,6
Calla,Carvey,18820580,Calla.Carvey@college.harvard.edu,6
Joelly,Gaynor,19662517,Joelly.Gaynor@college.harvard.edu,6
Lolita,Gunn,19917300,Lolita.Gunn@college.harvard.edu,6
Claresta,Ashok,19904763,Claresta.Ashok@college.harvard.edu,6
Dorene,Fiester,10533472,Dorene.Fiester@college.harvard.edu,6
Eugine,Cosenza,14807138,Eugine.Cosenza@college.harvard.edu,6
Tamqrah,Dichy,13443411,Tamqrah.Dichy@college.harvard.edu,6
Cherilyn,Baudin,16532284,Cherilyn.Baudin@college.harvard.edu,6
Marcelline,Orpah,12368583,Marcelline.Orpah@college.harvard.edu,6
Antonietta,Lissi,18580384,Antonietta.Lissi@college.harvard.edu,6
Rhoda,Kronfeld,17953085,Rhoda.Kronfeld@college.harvard.edu,6
Annaliese,Fadiman,19413059,Annaliese.Fadiman@college.harvard.edu,6
Arabel,Peti,19898765,Arabel.Peti@college.harvard.edu,6
Kirstin,Edvard,10389386,Kirstin.Edvard@college.harvard.edu,6
Marika,Stanwood,13383841,Marika.Stanwood@college.harvard.edu,6
Bettine,Ashok,18828673,Bettine.Ashok@college.harvard.edu,6
Sue,Etom,10494732,Sue.Etom@college.harvard.edu,6
Tami,Anton,11905579,Tami.Anton@college.harvard.edu,6
Lynnea,Ricki,19034110,Lynnea.Ricki@college.harvard.edu,6
Justinn,Marisa,18463184,Justinn.Marisa@college.harvard.edu,6
Lilith,Fax,16841537,Lilith.Fax@college.harvard.edu,6
Elka,Urias,19584824,Elka.Urias@college.harvard.edu,6
Belva,Even,16032558,Belva.Even@college.harvard.edu,6
Rosaline,Tiffa,16630925,Rosaline.Tiffa@college.harvard.edu,6
Glenda,Evangelia,10739274,Glenda.Evangelia@college.harvard.edu,6
Claresta,Toor,12626174,Claresta.Toor@college.harvard.edu,6
Verla,Slifka,14567629,Verla.Slifka@college.harvard.edu,6
Willetta,Rolf,14855118,Willetta.Rolf@college.harvard.edu,6
Sophia,Howlyn,16896287,Sophia.Howlyn@college.harvard.edu,6
Odessa,Haldas,15838724,Odessa.Haldas@college.harvard.edu,6
Patricia,Garek,16825995,Patricia.Garek@college.harvard.edu,6
Hyacinthe,Brian,15118067,Hyacinthe.Brian@college.harvard.edu,6
Minne,Smitt,10510155,Minne.Smitt@college.harvard.edu,6
Carree,Goode,16940144,Carree.Goode@college.harvard.edu,6
Aili,Damarra,14357378,Aili.Damarra@college.harvard.edu,6
Bernie,Hylan,13525769,Bernie.Hylan@college.harvard.edu,6
Elie,Winnick,16730800,Elie.Winnick@college.harvard.edu,6
Demetris,Maurine,15852741,Demetris.Maurine@college.harvard.edu,6
Estell,Birdella,15393495,Estell.Birdella@college.harvard.edu,6
Gale,Shirberg,12853832,Gale.Shirberg@college.harvard.edu,6
Gretal,Lenny,12676749,Gretal.Lenny@college.harvard.edu,6
Kassey,Regan,17587880,Kassey.Regan@college.harvard.edu,6
Shauna,Goldina,18670050,Shauna.Goldina@college.harvard.edu,6
Adele,Teddman,12892207,Adele.Teddman@college.harvard.edu,6
Katharina,Eugenia,17461239,Katharina.Eugenia@college.harvard.edu,6
Drucie,Longfellow,17019998,Drucie.Longfellow@college.harvard.edu,6
Konstance,MacIntosh,10379189,Konstance.MacIntosh@college.harvard.edu,6
Delilah,Keelia,10348937,Delilah.Keelia@college.harvard.edu,6
Minda,Wu,16437665,Minda.Wu@college.harvard.edu,6
Dode,Anastatius,17753686,Dode.Anastatius@college.harvard.edu,6
Patricia,Jess,18736899,Patricia.Jess@college.harvard.edu,6
Carly,Gregrory,11196802,Carly.Gregrory@college.harvard.edu,6
Paule,Mehalek,19181706,Paule.Mehalek@college.harvard.edu,6
Darlleen,Garbe,13157058,Darlleen.Garbe@college.harvard.edu,6
Delilah,Wilkinson,14720800,Delilah.Wilkinson@college.harvard.edu,6
Lexine,Donoghue,18997450,Lexine.Donoghue@college.harvard.edu,6
Kaja,Wandie,16040250,Kaja.Wandie@college.harvard.edu,6
Nariko,Donoghue,14974061,Nariko.Donoghue@college.harvard.edu,6
Doro,Gilmour,17614378,Doro.Gilmour@college.harvard.edu,6
Cacilie,Goerke,16907174,Cacilie.Goerke@college.harvard.edu,6
Esmeralda,Geffner,10847135,Esmeralda.Geffner@college.harvard.edu,6
Lita,Daegal,10441522,Lita.Daegal@college.harvard.edu,6
Brana,Corilla,19971378,Brana.Corilla@college.harvard.edu,6
June,Helfand,12262469,June.Helfand@college.harvard.edu,6
Blinni,Dunkin,18368733,Blinni.Dunkin@college.harvard.edu,6
Karly,Whittaker,17377043,Karly.Whittaker@college.harvard.edu,6
Chrystel,Noam,13872643,Chrystel.Noam@college.harvard.edu,6
Molli,Bevin,16080217,Molli.Bevin@college.harvard.edu,6
Vanessa,Tayib,13596624,Vanessa.Tayib@college.harvard.edu,6
Jessamyn,Jacobah,11089890,Jessamyn.Jacobah@college.harvard.edu,6
Meriel,Howlyn,11602393,Meriel.Howlyn@college.harvard.edu,6
Rosaline,Kirstin,15998034,Rosaline.Kirstin@college.harvard.edu,6
Maye,Urania,19791159,Maye.Urania@college.harvard.edu,6
Giustina,Imelida,14146407,Giustina.Imelida@college.harvard.edu,6
Emilia,Amethist,16165129,Emilia.Amethist@college.harvard.edu,6
Mamie,Beniamino,14915220,Mamie.Beniamino@college.harvard.edu,6
Demetris,Grosz,16722374,Demetris.Grosz@college.harvard.edu,6
Sandie,Maples,11410017,Sandie.Maples@college.harvard.edu,6
Delilah,Publia,12994767,Delilah.Publia@college.harvard.edu,6
Therine,Radu,12583896,Therine.Radu@college.harvard.edu,6
Jenda,Maples,11626795,Jenda.Maples@college.harvard.edu,6
Renae,Rheingold,12349951,Renae.Rheingold@college.harvard.edu,6
Zondra,Helve,15060069,Zondra.Helve@college.harvard.edu,6
Kathi,Korey,14116501,Kathi.Korey@college.harvard.edu,6
Arabel,Anton,17609591,Arabel.Anton@college.harvard.edu,6
Vinita,Hylan,12534388,Vinita.Hylan@college.harvard.edu,6
Dawn,Stilwell,17553201,Dawn.Stilwell@college.harvard.edu,6
Basia,Elsinore,15094239,Basia.Elsinore@college.harvard.edu,6
Cherilyn,Egbert,11969863,Cherilyn.Egbert@college.harvard.edu,6
Dorene,Solitta,16469142,Dorene.Solitta@college.harvard.edu,6
Evaleen,Ashely,15240424,Evaleen.Ashely@college.harvard.edu,6
Allyce,Rozanna,14944069,Allyce.Rozanna@college.harvard.edu,6
Thalia,McLaughlin,12937283,Thalia.McLaughlin@college.harvard.edu,6
Kristan,Newell,19604869,Kristan.Newell@college.harvard.edu,6
Lynde,Olympium,11052779,Lynde.Olympium@college.harvard.edu,6
Chandra,Garlinda,16932813,Chandra.Garlinda@college.harvard.edu,6
Clarice,Joli,12851512,Clarice.Joli@college.harvard.edu,6
Ingrid,Eachern,12490247,Ingrid.Eachern@college.harvard.edu,6
Aryn,Crudden,18626775,Aryn.Crudden@college.harvard.edu,6
Elise,Adalbert,13637858,Elise.Adalbert@college.harvard.edu,6
Marguerite,Ardeha,19849461,Marguerite.Ardeha@college.harvard.edu,6
Imojean,Rad,13287914,Imojean.Rad@college.harvard.edu,6
Dyann,Martguerita,11819882,Dyann.Martguerita@college.harvard.edu,6
Kate,Selway,11613307,Kate.Selway@college.harvard.edu,6
