Carly,Haymes,10825876,Carly.Haymes@college.harvard.edu,7
Chloris,Shaddock,14456015,Chloris.Shaddock@college.harvard.edu,7
Fina,Zetta,17941504,Fina.Zetta@college.harvard.edu,7
Sue,Oneida,16223298,Sue.Oneida@college.harvard.edu,7
Phedra,Lia,11868072,Phedra.Lia@college.harvard.edu,7
Melina,Jethro,15840321,Melina.Jethro@college.harvard.edu,7
Averyl,Dorine,18551575,Averyl.Dorine@college.harvard.edu,7
Sheree,Plato,16102308,Sheree.Plato@college.harvard.edu,7
Rochette,Genna,19958152,Rochette.Genna@college.harvard.edu,7
Heddie,Newell,14364128,Heddie.Newell@college.harvard.edu,7
Ardenia,Wareing,11026377,Ardenia.Wareing@college.harvard.edu,7
Daune,Lewes,13258951,Daune.Lewes@college.harvard.edu,7
Randa,Howlyn,10495975,Randa.Howlyn@college.harvard.edu,7
Misha,Tengdin,12095147,Misha.Tengdin@college.harvard.edu,7
Odessa,Ricarda,14005932,Odessa.Ricarda@college.harvard.edu,7
Marti,Flyn,15811996,Marti.Flyn@college.harvard.edu,7
Nicoli,Rugen,11798238,Nicoli.Rugen@college.harvard.edu,7
Jasmina,Wattenberg,18112106,Jasmina.Wattenberg@college.harvard.edu,7
Beatriz,Stover,15517463,Beatriz.Stover@college.harvard.edu,7
Jere,Rogerio,13250942,Jere.Rogerio@college.harvard.edu,7
Priscilla,Vale,13265824,Priscilla.Vale@college.harvard.edu,7
Mady,Kunin,16516136,Mady.Kunin@college.harvard.edu,7
Kaja,Mike,15552390,Kaja.Mike@college.harvard.edu,7
Marguerite,Uird,10617958,Marguerite.Uird@college.harvard.edu,7
Ayn,Tjon,11108293,Ayn.Tjon@college.harvard.edu,7
Lila,Fink,12762578,Lila.Fink@college.harvard.edu,7
Sam,Tound,13871481,Sam.Tound@college.harvard.edu,7
Blake,Arathorn,18718806,Blake.Arathorn@college.harvard.edu,7
Bibby,Halsey,19785346,Bibby.Halsey@college.harvard.edu,7
Jacenta,Lory,14648651,Jacenta.Lory@college.harvard.edu,7
Korrie,Berl,16614900,Korrie.Berl@college.harvard.edu,7
Bibby,Lissi,16096602,Bibby.Lissi@college.harvard.edu,7
Dorene,Casimir,14420637,Dorene.Casimir@college.harvard.edu,7
Hannis,Arquit,11659272,Hannis.Arquit@college.harvard.edu,7
Aeriela,Maribeth,16336632,Aeriela.Maribeth@college.harvard.edu,7
Edyth,Concha,19745556,Edyth.Concha@college.harvard.edu,7
Marti,Slifka,12227793,Marti.Slifka@college.harvard.edu,7
Gilda,Gillan,14094779,Gilda.Gillan@college.harvard.edu,7
Lyssa,Timon,19679574,Lyssa.Timon@college.harvard.edu,7
Audrie,Weaks,11069346,Audrie.Weaks@college.harvard.edu,7
Shell,Elvyn,18673040,Shell.Elvyn@college.harvard.edu,7
Loree,Damarra,17314349,Loree.Damarra@college.harvard.edu,7
Camile,Noelyn,15734485,Camile.Noelyn@college.harvard.edu,7
Claresta,Nahum,10315953,Claresta.Nahum@college.harvard.edu,7
Tarra,Emmy,19126333,Tarra.Emmy@college.harvard.edu,7
Jessy,Rodmann,11879077,Jessy.Rodmann@college.harvard.edu,7
Beatriz,Helve,10348066,Beatriz.Helve@college.harvard.edu,7
Deedee,Dunkin,10220203,Deedee.Dunkin@college.harvard.edu,7
Susan,Grosz,19302731,Susan.Grosz@college.harvard.edu,7
Jany,Chick,16714167,Jany.Chick@college.harvard.edu,7
Brana,Tacye,19181978,Brana.Tacye@college.harvard.edu,7
Johna,Gunn,14787982,Johna.Gunn@college.harvard.edu,7
Tatiania,Jacobah,11556886,Tatiania.Jacobah@college.harvard.edu,7
Lolita,Rheingold,12345849,Lolita.Rheingold@college.harvard.edu,7
Desirae,Schenck,10687802,Desirae.Schenck@college.harvard.edu,7
Meg,Alice,16445431,Meg.Alice@college.harvard.edu,7
Nerta,Modie,11532864,Nerta.Modie@college.harvard.edu,7
Dari,Paton,15473564,Dari.Paton@college.harvard.edu,7
Emma,Braun,16996166,Emma.Braun@college.harvard.edu,7
Mireielle,Bury,14284381,Mireielle.Bury@college.harvard.edu,7
Blondelle,Solitta,14477644,Blondelle.Solitta@college.harvard.edu,7
Roberta,Quinn,10382448,Roberta.Quinn@college.harvard.edu,7
Trixi,Gregrory,12849347,Trixi.Gregrory@college.harvard.edu,7
Chrystel,Colyer,11636294,Chrystel.Colyer@college.harvard.edu,7
Michaelina,Carri,19940444,Michaelina.Carri@college.harvard.edu,7
Sindee,Holbrook,15918406,Sindee.Holbrook@college.harvard.edu,7
Nadine,Jefferey,12412862,Nadine.Jefferey@college.harvard.edu,7
Ketti,Ingra,17136288,Ketti.Ingra@college.harvard.edu,7
Shirlee,Ader,16064336,Shirlee.Ader@college.harvard.edu,7
Steffane,Munn,15506558,Steffane.Munn@college.harvard.edu,7
Kaia,Lesley,19768676,Kaia.Lesley@college.harvard.edu,7
Kayla,Kravits,11655959,Kayla.Kravits@college.harvard.edu,7
Patricia,Noelyn,19160884,Patricia.Noelyn@college.harvard.edu,7
Carmela,Swigart,12316124,Carmela.Swigart@college.harvard.edu,7
Lanna,Ax,12109866,Lanna.Ax@college.harvard.edu,7
Shell,Llovera,13574080,Shell.Llovera@college.harvard.edu,7
Marita,Montgomery,19055511,Marita.Montgomery@college.harvard.edu,7
Shaylyn,Glovsky,16495897,Shaylyn.Glovsky@college.harvard.edu,7
Jerry,Sophronia,11819896,Jerry.Sophronia@college.harvard.edu,7
Lisette,Adalbert,18495589,Lisette.Adalbert@college.harvard.edu,7
Claudina,Pauly,15098675,Claudina.Pauly@college.harvard.edu,7
Courtnay,Maribeth,17165659,Courtnay.Maribeth@college.harvard.edu,7
Ellette,Smitt,17830000,Ellette.Smitt@college.harvard.edu,7
Shandie,Daegal,16683798,Shandie.Daegal@college.harvard.edu,7
Kathy,Lea,11961180,Kathy.Lea@college.harvard.edu,7
Valli,Kolnick,17789823,Valli.Kolnick@college.harvard.edu,7
Lulita,Oster,16701249,Lulita.Oster@college.harvard.edu,7
Fanchon,Hurley,10431961,Fanchon.Hurley@college.harvard.edu,7
Cherrita,Callista,13697669,Cherrita.Callista@college.harvard.edu,7
Carly,Ehrman,15917292,Carly.Ehrman@college.harvard.edu,7
Linzy,Toor,19141102,Linzy.Toor@college.harvard.edu,7
Ivett,Emanuel,11962219,Ivett.Emanuel@college.harvard.edu,7
Ariela,Pyle,10042545,Ariela.Pyle@college.harvard.edu,7
Allyce,Jeanne,17995375,Allyce.Jeanne@college.harvard.edu,7
Annora,Mauer,14008654,Annora.Mauer@college.harvard.edu,7
Stacey,Buckler,18733779,Stacey.Buckler@college.harvard.edu,7
Roxane,Grimbly,19307861,Roxane.Grimbly@college.harvard.edu,7
Violet,Fabiola,14152715,Violet.Fabiola@college.harvard.edu,7
Melisent,Danby,17656632,Melisent.Danby@college.harvard.edu,7
Kittie,Michella,11674186,Kittie.Michella@college.harvard.edu,7
Kial,Cadmar,17749962,Kial.Cadmar@college.harvard.edu,7
Lexine,Cassius,14042287,Lexine.Cassius@college.harvard.edu,7
Zia,Rocray,17918669,Zia.Rocray@college.harvard.edu,7
Dorene,Breed,15189851,Dorene.Breed@college.harvard.edu,7
Brooks,Clie,18343796,Brooks.Clie@college.harvard.edu,7
Sidoney,Madelene,16140860,Sidoney.Madelene@college.harvard.edu,7
Joleen,Dahlia,19618259,Joleen.Dahlia@college.harvard.edu,7
Janey,Anselmi,11096319,Janey.Anselmi@college.harvard.edu,7
Fernande,Garlinda,14571916,Fernande.Garlinda@college.harvard.edu,7
Jenilee,Alexandr,12808702,Jenilee.Alexandr@college.harvard.edu,7
Neila,Schroth,19328826,Neila.Schroth@college.harvard.edu,7
Gianina,Wu,12880517,Gianina.Wu@college.harvard.edu,7
Barbara,Henrie,19278933,Barbara.Henrie@college.harvard.edu,7
Zondra,Ellord,13839371,Zondra.Ellord@college.harvard.edu,7
Isa,Goerke,12822033,Isa.Goerke@college.harvard.edu,7
Merle,Justinn,18652311,Merle.Justinn@college.harvard.edu,7
Rosabelle,Ortrude,10842716,Rosabelle.Ortrude@college.harvard.edu,7
Hannis,Sprage,18680394,Hannis.Sprage@college.harvard.edu,7
Sidoney,Killigrew,16927572,Sidoney.Killigrew@college.harvard.edu,7
Clary,Weinreb,13676235,Clary.Weinreb@college.harvard.edu,7
Demetris,Knowling,15704164,Demetris.Knowling@college.harvard.edu,7
Blinni,Strephon,13206825,Blinni.Strephon@college.harvard.edu,7
Gwenneth,Oneida,17942029,Gwenneth.Oneida@college.harvard.edu,7
Dolli,Damarra,17576421,Dolli.Damarra@college.harvard.edu,7
Delilah,Martsen,10002920,Delilah.Martsen@college.harvard.edu,7
Cristabel,Milson,19252522,Cristabel.Milson@college.harvard.edu,7
Sherrie,Khorma,19338831,Sherrie.Khorma@college.harvard.edu,7
Corry,Callista,14474055,Corry.Callista@college.harvard.edu,7
Raina,Rosette,10080534,Raina.Rosette@college.harvard.edu,7
Lonnie,Vernier,18588606,Lonnie.Vernier@college.harvard.edu,7
Hayley,Thomasina,14250593,Hayley.Thomasina@college.harvard.edu,7
Gavrielle,Riva,11691853,Gavrielle.Riva@college.harvard.edu,7
Bernie,Dannye,16610758,Bernie.Dannye@college.harvard.edu,7
Sophia,Ajay,19047058,Sophia.Ajay@college.harvard.edu,7
Laure,Hazlett,15521727,Laure.Hazlett@college.harvard.edu,7
Darci,Dorine,15480212,Darci.Dorine@college.harvard.edu,7
Chandra,Weide,11988391,Chandra.Weide@college.harvard.edu,7
Catrina,Hartnett,13896696,Catrina.Hartnett@college.harvard.edu,7
Chloris,Boycey,10505139,Chloris.Boycey@college.harvard.edu,7
Nollie,Felizio,10647116,Nollie.Felizio@college.harvard.edu,7
Annabela,Kirbee,16716633,Annabela.Kirbee@college.harvard.edu,7
Janis,Ophelia,11406986,Janis.Ophelia@college.harvard.edu,7
Korrie,Pond,19067980,Korrie.Pond@college.harvard.edu,7
Odessa,Stelle,19016935,Odessa.Stelle@college.harvard.edu,7
Brietta,Norrie,18432003,Brietta.Norrie@college.harvard.edu,7
Andree,Halla,14029177,Andree.Halla@college.harvard.edu,7
Dulce,Mathilde,10583438,Dulce.Mathilde@college.harvard.edu,7
Dorothy,Pandolfi,19101916,Dorothy.Pandolfi@college.harvard.edu,7
Sherrie,Anselmi,10852333,Sherrie.Anselmi@college.harvard.edu,7
Allis,Halsey,15226344,Allis.Halsey@college.harvard.edu,7
Juliane,Eldrid,15647241,Juliane.Eldrid@college.harvard.edu,7
Rebeca,Cullin,14775995,Rebeca.Cullin@college.harvard.edu,7
Charlena,Curren,14208326,Charlena.Curren@college.harvard.edu,7
Adore,Ferrell,14330046,Adore.Ferrell@college.harvard.edu,7
Rivalee,Dom,18569603,Rivalee.Dom@college.harvard.edu,7
Gerrie,Morrill,14919551,Gerrie.Morrill@college.harvard.edu,7
Kore,Freddi,19662289,Kore.Freddi@college.harvard.edu,7
Leeanne,Monaco,17596570,Leeanne.Monaco@college.harvard.edu,7
Britte,Baudin,10787024,Britte.Baudin@college.harvard.edu,7
Liana,Lissi,13911474,Liana.Lissi@college.harvard.edu,7
Nicoli,Sholley,17218018,Nicoli.Sholley@college.harvard.edu,7
Gaylene,Chandler,12192844,Gaylene.Chandler@college.harvard.edu,7
Angelique,Briney,14065940,Angelique.Briney@college.harvard.edu,7
Jeanna,Gordon,18251154,Jeanna.Gordon@college.harvard.edu,7
Deane,Faria,18144500,Deane.Faria@college.harvard.edu,7
