Cristabel,Audly,19191289,Cristabel.Audly@college.harvard.edu,8
Inga,Bow,15657083,Inga.Bow@college.harvard.edu,8
Melanie,Merna,17144995,Melanie.Merna@college.harvard.edu,8
Fredericka,Lane,12958619,Fredericka.Lane@college.harvard.edu,8
Wynne,Baylor,12487005,Wynne.Baylor@college.harvard.edu,8
Merci,Louanna,14261672,Merci.Louanna@college.harvard.edu,8
Keelia,Ricki,11961947,Keelia.Ricki@college.harvard.edu,8
Lauryn,Tamsky,14140421,Lauryn.Tamsky@college.harvard.edu,8
Jeanna,Isidore,16935372,Jeanna.Isidore@college.harvard.edu,8
Patricia,Schalles,11917293,Patricia.Schalles@college.harvard.edu,8
Charlena,Buffum,11578825,Charlena.Buffum@college.harvard.edu,8
Lizzie,Brunell,11196935,Lizzie.Brunell@college.harvard.edu,8
Joane,Bouchard,15634642,Joane.Bouchard@college.harvard.edu,8
Nickie,Suk,14479374,Nickie.Suk@college.harvard.edu,8
Eugine,Carbo,13790515,Eugine.Carbo@college.harvard.edu,8
Natka,Zenas,17293652,Natka.Zenas@college.harvard.edu,8
Dulcinea,Septima,13505835,Dulcinea.Septima@college.harvard.edu,8
Ethel,Ariella,13239167,Ethel.Ariella@college.harvard.edu,8
Bettine,Norrie,19658917,Bettine.Norrie@college.harvard.edu,8
Lorne,Schenck,11660791,Lorne.Schenck@college.harvard.edu,8
Jasmina,Ader,14429841,Jasmina.Ader@college.harvard.edu,8
Maisey,Gilbertson,10211491,Maisey.Gilbertson@college.harvard.edu,8
Bertine,Newell,19032590,Bertine.Newell@college.harvard.edu,8
Beth,Kress,15596629,Beth.Kress@college.harvard.edu,8
Carol-Jean,Eno,15376129,Carol-Jean.Eno@college.harvard.edu,8
Vonny,Behre,10551097,Vonny.Behre@college.harvard.edu,8
Jessamyn,Konyn,11424171,Jessamyn.Konyn@college.harvard.edu,8
Anallese,Goth,17927182,Anallese.Goth@college.harvard.edu,8
Amalie,Alabaster,16930954,Amalie.Alabaster@college.harvard.edu,8
Shauna,Jillane,19604214,Shauna.Jillane@college.harvard.edu,8
Caryl,Gabrielli,11664492,Caryl.Gabrielli@college.harvard.edu,8
Dacia,Harriman,13555102,Dacia.Harriman@college.harvard.edu,8
Doralynne,Baylor,14077800,Doralynne.Baylor@college.harvard.edu,8
Beverley,Wooster,12413095,Beverley.Wooster@college.harvard.edu,8
Teriann,Dorcy,17891433,Teriann.Dorcy@college.harvard.edu,8
Brynna,Lunsford,11392410,Brynna.Lunsford@college.harvard.edu,8
Lacie,Velick,16440009,Lacie.Velick@college.harvard.edu,8
Briney,Means,19899421,Briney.Means@college.harvard.edu,8
Mahalia,Hilbert,15163827,Mahalia.Hilbert@college.harvard.edu,8
Gerrie,Taam,12137298,Gerrie.Taam@college.harvard.edu,8
Cordi,Nester,15385272,Cordi.Nester@college.harvard.edu,8
Linet,Brian,13502166,Linet.Brian@college.harvard.edu,8
Kayla,Kaete,11745772,Kayla.Kaete@college.harvard.edu,8
Darlleen,Reidar,19734836,Darlleen.Reidar@college.harvard.edu,8
Odessa,Fredi,18714567,Odessa.Fredi@college.harvard.edu,8
Millie,Tound,10802903,Millie.Tound@college.harvard.edu,8
Shauna,Dunkin,17752080,Shauna.Dunkin@college.harvard.edu,8
Celestyna,Bennie,18135448,Celestyna.Bennie@college.harvard.edu,8
Sarette,Albertine,14845125,Sarette.Albertine@college.harvard.edu,8
Fred,Malina,11351426,Fred.Malina@college.harvard.edu,8
Nadine,Kosey,17956930,Nadine.Kosey@college.harvard.edu,8
Harmonia,Carri,12627315,Harmonia.Carri@college.harvard.edu,8
Susette,Tillford,15143150,Susette.Tillford@college.harvard.edu,8
Raina,Virgin,12379766,Raina.Virgin@college.harvard.edu,8
Alie,Berne,11844463,Alie.Berne@college.harvard.edu,8
Marti,Martsen,13276653,Marti.Martsen@college.harvard.edu,8
Zia,Cottle,12193417,Zia.Cottle@college.harvard.edu,8
Karena,Yoko,16626949,Karena.Yoko@college.harvard.edu,8
Lesly,Anastatius,12162096,Lesly.Anastatius@college.harvard.edu,8
Bobbi,Therine,10313819,Bobbi.Therine@college.harvard.edu,8
Alyda,Krystle,18964732,Alyda.Krystle@college.harvard.edu,8
Monika,Lia,17700227,Monika.Lia@college.harvard.edu,8
Tabbatha,Drisko,18697548,Tabbatha.Drisko@college.harvard.edu,8
Lauryn,Malanie,15823237,Lauryn.Malanie@college.harvard.edu,8
Dacia,Gaulin,18459983,Dacia.Gaulin@college.harvard.edu,8
Eadie,Monaco,15882522,Eadie.Monaco@college.harvard.edu,8
Asia,Genna,17975266,Asia.Genna@college.harvard.edu,8
Camile,Blake,13873764,Camile.Blake@college.harvard.edu,8
Bee,Eckblad,17355908,Bee.Eckblad@college.harvard.edu,8
Paulita,Alejoa,13375162,Paulita.Alejoa@college.harvard.edu,8
Olwen,Dorothy,11412381,Olwen.Dorothy@college.harvard.edu,8
Cyndie,Moseley,16706284,Cyndie.Moseley@college.harvard.edu,8
Winifred,Lucienne,11379553,Winifred.Lucienne@college.harvard.edu,8
Bill,Whittaker,17190889,Bill.Whittaker@college.harvard.edu,8
Janis,Chandler,13382744,Janis.Chandler@college.harvard.edu,8
Elyssa,Jerold,14735267,Elyssa.Jerold@college.harvard.edu,8
Kial,Eugenia,14817356,Kial.Eugenia@college.harvard.edu,8
Carilyn,Evangelia,15437118,Carilyn.Evangelia@college.harvard.edu,8
Sharlene,Gillan,15414309,Sharlene.Gillan@college.harvard.edu,8
Eolanda,Fairweather,12960197,Eolanda.Fairweather@college.harvard.edu,8
Wileen,Donoghue,10603081,Wileen.Donoghue@college.harvard.edu,8
Jolyn,Avi,17367646,Jolyn.Avi@college.harvard.edu,8
Daryl,Ophelia,14592898,Daryl.Ophelia@college.harvard.edu,8
Tami,Bandeen,15853144,Tami.Bandeen@college.harvard.edu,8
Suzette,Eno,10626114,Suzette.Eno@college.harvard.edu,8
Almeta,Clara,15707621,Almeta.Clara@college.harvard.edu,8
Grier,Denis,15402532,Grier.Denis@college.harvard.edu,8
Britni,Ambrosia,16687023,Britni.Ambrosia@college.harvard.edu,8
Kellen,Myrilla,17178720,Kellen.Myrilla@college.harvard.edu,8
Gavrielle,Redmond,13539441,Gavrielle.Redmond@college.harvard.edu,8
Heida,Ummersen,14631515,Heida.Ummersen@college.harvard.edu,8
Ezmeralda,Emerson,11661316,Ezmeralda.Emerson@college.harvard.edu,8
Libbie,Malvino,16052807,Libbie.Malvino@college.harvard.edu,8
Caryl,Leler,16651088,Caryl.Leler@college.harvard.edu,8
Beatriz,Lindemann,19333096,Beatriz.Lindemann@college.harvard.edu,8
Augustine,Thomasina,12515035,Augustine.Thomasina@college.harvard.edu,8
Jsandye,Syd,10605116,Jsandye.Syd@college.harvard.edu,8
Pearline,Iphlgenia,12410742,Pearline.Iphlgenia@college.harvard.edu,8
Cacilie,Garlinda,15591055,Cacilie.Garlinda@college.harvard.edu,8
Rayna,Fillbert,13150470,Rayna.Fillbert@college.harvard.edu,8
Damaris,Brunell,16201584,Damaris.Brunell@college.harvard.edu,8
Gavrielle,Giff,10002596,Gavrielle.Giff@college.harvard.edu,8
Corly,Dash,19327013,Corly.Dash@college.harvard.edu,8
Maye,Burch,10806650,Maye.Burch@college.harvard.edu,8
Alyssa,Sekofski,19162746,Alyssa.Sekofski@college.harvard.edu,8
Gertrud,Manolo,16416056,Gertrud.Manolo@college.harvard.edu,8
Angela,Felizio,14256304,Angela.Felizio@college.harvard.edu,8
Lanae,Naashom,13950144,Lanae.Naashom@college.harvard.edu,8
Konstance,Delacourt,18649434,Konstance.Delacourt@college.harvard.edu,8
Demetris,Barrus,14167795,Demetris.Barrus@college.harvard.edu,8
Gale,Malvino,11247014,Gale.Malvino@college.harvard.edu,8
Morganica,Mitzi,16121278,Morganica.Mitzi@college.harvard.edu,8
Clo,Lindemann,10764208,Clo.Lindemann@college.harvard.edu,8
Roslyn,Donoghue,18187787,Roslyn.Donoghue@college.harvard.edu,8
Cherilyn,Lesley,10192776,Cherilyn.Lesley@college.harvard.edu,8
Atlanta,Cornelia,13594129,Atlanta.Cornelia@college.harvard.edu,8
Jenilee,Kalinda,14007845,Jenilee.Kalinda@college.harvard.edu,8
Feliza,Hurley,12002503,Feliza.Hurley@college.harvard.edu,8
Hyacinthe,Kathie,19515566,Hyacinthe.Kathie@college.harvard.edu,8
Wanda,Kress,16063388,Wanda.Kress@college.harvard.edu,8
Cecile,Hutchison,11435244,Cecile.Hutchison@college.harvard.edu,8
Keelia,Lytton,12320412,Keelia.Lytton@college.harvard.edu,8
Ekaterina,Hubert,10486356,Ekaterina.Hubert@college.harvard.edu,8
Florencia,Reidar,17684673,Florencia.Reidar@college.harvard.edu,8
Joeann,Brunell,19862260,Joeann.Brunell@college.harvard.edu,8
Janenna,Nickola,16179366,Janenna.Nickola@college.harvard.edu,8
Carol-Jean,Carey,12701460,Carol-Jean.Carey@college.harvard.edu,8
Raina,August,18986264,Raina.August@college.harvard.edu,8
Kamilah,Goerke,17125099,Kamilah.Goerke@college.harvard.edu,8
Jany,Greenwald,14945773,Jany.Greenwald@college.harvard.edu,8
Ricky,Merat,15679591,Ricky.Merat@college.harvard.edu,8
Aaren,Shanley,15283874,Aaren.Shanley@college.harvard.edu,8
Brena,Alarise,12965357,Brena.Alarise@college.harvard.edu,8
Krystle,Nadia,12642540,Krystle.Nadia@college.harvard.edu,8
Eolanda,Leler,10657803,Eolanda.Leler@college.harvard.edu,8
Dotty,Saunderson,13108660,Dotty.Saunderson@college.harvard.edu,8
Ulrike,Toffic,19841973,Ulrike.Toffic@college.harvard.edu,8
Blake,Mendez,11792955,Blake.Mendez@college.harvard.edu,8
Starla,Carri,17058857,Starla.Carri@college.harvard.edu,8
Ekaterina,Maiah,16845912,Ekaterina.Maiah@college.harvard.edu,8
Camile,Brodench,13484826,Camile.Brodench@college.harvard.edu,8
Angela,Duwalt,19037509,Angela.Duwalt@college.harvard.edu,8
Roz,Kalinda,13162195,Roz.Kalinda@college.harvard.edu,8
Maridel,Solitta,14053804,Maridel.Solitta@college.harvard.edu,8
Corly,Harl,12833842,Corly.Harl@college.harvard.edu,8
Vere,Barbey,11460205,Vere.Barbey@college.harvard.edu,8
Catrina,Honoria,10506474,Catrina.Honoria@college.harvard.edu,8
Merry,Lunsford,15030655,Merry.Lunsford@college.harvard.edu,8
Audrie,Baptlsta,14111226,Audrie.Baptlsta@college.harvard.edu,8
Elbertina,Pattin,10850180,Elbertina.Pattin@college.harvard.edu,8
Konstance,Talia,18555352,Konstance.Talia@college.harvard.edu,8
Fayre,Erich,15748763,Fayre.Erich@college.harvard.edu,8
Pearline,Kaja,14368835,Pearline.Kaja@college.harvard.edu,8
Alejandra,Goldina,14849367,Alejandra.Goldina@college.harvard.edu,8
Luci,Hartnett,14353282,Luci.Hartnett@college.harvard.edu,8
Etta,Darbie,10556917,Etta.Darbie@college.harvard.edu,8
Marti,Orpah,12030548,Marti.Orpah@college.harvard.edu,8
Allis,Couture,18620374,Allis.Couture@college.harvard.edu,8
Tera,McLaughlin,11154176,Tera.McLaughlin@college.harvard.edu,8
Myriam,Cordi,15070777,Myriam.Cordi@college.harvard.edu,8
Elora,Haerr,11676178,Elora.Haerr@college.harvard.edu,8
Regina,Rodmann,17836189,Regina.Rodmann@college.harvard.edu,8
Merrie,Ivens,17807279,Merrie.Ivens@college.harvard.edu,8
Adelle,Nea,13071744,Adelle.Nea@college.harvard.edu,8
Viki,Lucienne,11379809,Viki.Lucienne@college.harvard.edu,8
Atlanta,Ax,12834470,Atlanta.Ax@college.harvard.edu,8
Judy,Merell,10991251,Judy.Merell@college.harvard.edu,8
Gretal,Muriel,17593926,Gretal.Muriel@college.harvard.edu,8
