Hope,Quent,16435294,Hope.Quent@college.harvard.edu,9
Gusty,Merat,11280490,Gusty.Merat@college.harvard.edu,9
Jordan,Gilmour,10076614,Jordan.Gilmour@college.harvard.edu,9
Isa,Suanne,10263083,Isa.Suanne@college.harvard.edu,9
Jennica,Kiersten,15651397,Jennica.Kiersten@college.harvard.edu,9
Luci,Dulciana,17658485,Luci.Dulciana@college.harvard.edu,9
Yolane,Thomasina,13353635,Yolane.Thomasina@college.harvard.edu,9
Charlena,Nedrud,17314209,Charlena.Nedrud@college.harvard.edu,9
Belva,Wenoa,13029453,Belva.Wenoa@college.harvard.edu,9
Kayla,Roumell,16667305,Kayla.Roumell@college.harvard.edu,9
Raf,Sprage,15721990,Raf.Sprage@college.harvard.edu,9
Cristabel,Shields,11557985,Cristabel.Shields@college.harvard.edu,9
Tressa,Roscoe,18800777,Tressa.Roscoe@college.harvard.edu,9
Clementine,Granoff,10504852,Clementine.Granoff@college.harvard.edu,9
Blondelle,Fink,12658378,Blondelle.Fink@college.harvard.edu,9
Janenna,Colp,15106295,Janenna.Colp@college.harvard.edu,9
Keelia,Chinua,16704646,Keelia.Chinua@college.harvard.edu,9
Ruthe,Dannye,17566782,Ruthe.Dannye@college.harvard.edu,9
Raquela,Lenny,18924933,Raquela.Lenny@college.harvard.edu,9
Devina,Fontana,15837609,Devina.Fontana@college.harvard.edu,9
Amalie,Jena,15711842,Amalie.Jena@college.harvard.edu,9
Leia,Nance,17649524,Leia.Nance@college.harvard.edu,9
Evaleen,Wolfgram,13940303,Evaleen.Wolfgram@college.harvard.edu,9
Tori,Emmaline,14764368,Tori.Emmaline@college.harvard.edu,9
Siana,Soneson,17998677,Siana.Soneson@college.harvard.edu,9
Xylina,Guildroy,16246904,Xylina.Guildroy@college.harvard.edu,9
Nyssa,Lorain,11661745,Nyssa.Lorain@college.harvard.edu,9
Anica,Yusuk,17348593,Anica.Yusuk@college.harvard.edu,9
Ardenia,Chobot,14627170,Ardenia.Chobot@college.harvard.edu,9
Codie,Gregrory,15673708,Codie.Gregrory@college.harvard.edu,9
Cyndie,Flita,14725651,Cyndie.Flita@college.harvard.edu,9
Georgetta,Linehan,15549268,Georgetta.Linehan@college.harvard.edu,9
Ann-Marie,Sherfield,12584791,Ann-Marie.Sherfield@college.harvard.edu,9
Jerry,Naor,11001071,Jerry.Naor@college.harvard.edu,9
Lorenza,Koehler,18869543,Lorenza.Koehler@college.harvard.edu,9
Lenna,Gillan,16279900,Lenna.Gillan@college.harvard.edu,9
Xylina,Even,13230029,Xylina.Even@college.harvard.edu,9
Sadie,Morgun,14448844,Sadie.Morgun@college.harvard.edu,9
June,Nisbet,14808539,June.Nisbet@college.harvard.edu,9
Sherrie,Brenn,18386637,Sherrie.Brenn@college.harvard.edu,9
Sissy,Anestassia,10159636,Sissy.Anestassia@college.harvard.edu,9
Charissa,Celestine,19960389,Charissa.Celestine@college.harvard.edu,9
Mathilda,Henrie,12978721,Mathilda.Henrie@college.harvard.edu,9
Rani,Suk,18378409,Rani.Suk@college.harvard.edu,9
Nikki,Norrie,15105613,Nikki.Norrie@college.harvard.edu,9
Penelopa,Honoria,15128348,Penelopa.Honoria@college.harvard.edu,9
Clarice,Blase,11814082,Clarice.Blase@college.harvard.edu,9
Tori,Nedrud,17947983,Tori.Nedrud@college.harvard.edu,9
Dorene,Bobbee,19203569,Dorene.Bobbee@college.harvard.edu,9
Leanna,Kristi,13223277,Leanna.Kristi@college.harvard.edu,9
Goldie,Chaing,15047337,Goldie.Chaing@college.harvard.edu,9
Lulita,Maisey,16774006,Lulita.Maisey@college.harvard.edu,9
Merry,Nerita,11348526,Merry.Nerita@college.harvard.edu,9
Averyl,Wind,10748159,Averyl.Wind@college.harvard.edu,9
Cyb,Dalli,12315198,Cyb.Dalli@college.harvard.edu,9
Harrietta,Belanger,18810351,Harrietta.Belanger@college.harvard.edu,9
Maisey,Olin,17580574,Maisey.Olin@college.harvard.edu,9
Angela,Shaver,16805573,Angela.Shaver@college.harvard.edu,9
Odessa,Oster,19803879,Odessa.Oster@college.harvard.edu,9
Sheree,Ezar,18273460,Sheree.Ezar@college.harvard.edu,9
Darci,Agle,18206648,Darci.Agle@college.harvard.edu,9
Elise,Swigart,12982913,Elise.Swigart@college.harvard.edu,9
Aubrie,Bergman,16604704,Aubrie.Bergman@college.harvard.edu,9
Stacey,Han,11834426,Stacey.Han@college.harvard.edu,9
Dennie,Roche,18278804,Dennie.Roche@college.harvard.edu,9
Inga,Carolin,15799566,Inga.Carolin@college.harvard.edu,9
Dode,Brieta,11325447,Dode.Brieta@college.harvard.edu,9
Kaia,Cimbura,14289169,Kaia.Cimbura@college.harvard.edu,9
Roz,Kendrick,14379726,Roz.Kendrick@college.harvard.edu,9
Sidoney,Hanleigh,10368961,Sidoney.Hanleigh@college.harvard.edu,9
Max,Stefa,11386392,Max.Stefa@college.harvard.edu,9
Clo,Bohlin,17435892,Clo.Bohlin@college.harvard.edu,9
Tabbatha,Dreda,18799150,Tabbatha.Dreda@college.harvard.edu,9
Christian,Merell,12367027,Christian.Merell@college.harvard.edu,9
Gilligan,Haerr,10769494,Gilligan.Haerr@college.harvard.edu,9
Gerrie,Wesle,10902416,Gerrie.Wesle@college.harvard.edu,9
Cissiee,Tomasina,11967282,Cissiee.Tomasina@college.harvard.edu,9
Nessie,Carolin,13598935,Nessie.Carolin@college.harvard.edu,9
Arabel,O'Rourke,18821432,Arabel.O'Rourke@college.harvard.edu,9
Mireielle,Uund,18018755,Mireielle.Uund@college.harvard.edu,9
Jean,Ralfston,18966433,Jean.Ralfston@college.harvard.edu,9
Gertrud,Shields,17950352,Gertrud.Shields@college.harvard.edu,9
Latisha,Gaal,13773440,Latisha.Gaal@college.harvard.edu,9
Joleen,Valerio,15063695,Joleen.Valerio@college.harvard.edu,9
Taffy,Tannie,12091752,Taffy.Tannie@college.harvard.edu,9
Xylina,Gemini,15508561,Xylina.Gemini@college.harvard.edu,9
Alyssa,Hoban,17262109,Alyssa.Hoban@college.harvard.edu,9
Alejandra,Jehu,19470574,Alejandra.Jehu@college.harvard.edu,9
Maud,Raseda,12772023,Maud.Raseda@college.harvard.edu,9
Larine,Thornburg,12280773,Larine.Thornburg@college.harvard.edu,9
Albertina,Greenwald,12251500,Albertina.Greenwald@college.harvard.edu,9
Maisey,Fleeta,19822763,Maisey.Fleeta@college.harvard.edu,9
Constance,Sikorski,16758734,Constance.Sikorski@college.harvard.edu,9
Lorne,Jorgan,12556706,Lorne.Jorgan@college.harvard.edu,9
Hollie,Publia,13455091,Hollie.Publia@college.harvard.edu,9
Lonnie,Jorgan,13010571,Lonnie.Jorgan@college.harvard.edu,9
Madeleine,Fairweather,11482559,Madeleine.Fairweather@college.harvard.edu,9
Kirbee,Lenny,17133221,Kirbee.Lenny@college.harvard.edu,9
Cacilie,Maroney,18986461,Cacilie.Maroney@college.harvard.edu,9
Joceline,Egbert,14683955,Joceline.Egbert@college.harvard.edu,9
Monika,Anton,10999000,Monika.Anton@college.harvard.edu,9
Collen,Ferrell,17057825,Collen.Ferrell@college.harvard.edu,9
Penelopa,Pacorro,18931782,Penelopa.Pacorro@college.harvard.edu,9
Marylou,Loeb,19469043,Marylou.Loeb@college.harvard.edu,9
Wileen,O'Rourke,11201153,Wileen.O'Rourke@college.harvard.edu,9
Deane,Valoniah,17786692,Deane.Valoniah@college.harvard.edu,9
Kate,Kannry,14745114,Kate.Kannry@college.harvard.edu,9
Cristine,Pond,16467043,Cristine.Pond@college.harvard.edu,9
Maye,Zrike,15673590,Maye.Zrike@college.harvard.edu,9
Joelly,Fulmer,10615641,Joelly.Fulmer@college.harvard.edu,9
Nanete,Knowling,14484916,Nanete.Knowling@college.harvard.edu,9
Nonnah,Peti,17140204,Nonnah.Peti@college.harvard.edu,9
Tabbatha,Bigner,11666164,Tabbatha.Bigner@college.harvard.edu,9
Shandie,Ovid,17742716,Shandie.Ovid@college.harvard.edu,9
Fernande,August,19752000,Fernande.August@college.harvard.edu,9
Blake,Harl,14163696,Blake.Harl@college.harvard.edu,9
Bobbi,Mendez,11782836,Bobbi.Mendez@college.harvard.edu,9
Andeee,Ummersen,15992175,Andeee.Ummersen@college.harvard.edu,9
Vinita,Wyn,15029274,Vinita.Wyn@college.harvard.edu,9
Jasmina,Monk,10551394,Jasmina.Monk@college.harvard.edu,9
Kore,Elisha,18360260,Kore.Elisha@college.harvard.edu,9
Suzette,Cleavland,15899060,Suzette.Cleavland@college.harvard.edu,9
Esmeralda,Ammann,10726172,Esmeralda.Ammann@college.harvard.edu,9
Demetris,Adalbert,12933656,Demetris.Adalbert@college.harvard.edu,9
Dulce,Burch,18908062,Dulce.Burch@college.harvard.edu,9
Danika,Jotham,12449088,Danika.Jotham@college.harvard.edu,9
Marguerite,Annabella,14188209,Marguerite.Annabella@college.harvard.edu,9
Tomasina,Caitlin,14173866,Tomasina.Caitlin@college.harvard.edu,9
Dolli,Docilla,14113016,Dolli.Docilla@college.harvard.edu,9
Cam,Manolo,14940273,Cam.Manolo@college.harvard.edu,9
Vonny,Ackerley,17664827,Vonny.Ackerley@college.harvard.edu,9
Nyssa,Ovid,16125984,Nyssa.Ovid@college.harvard.edu,9
Daune,Torray,10765583,Daune.Torray@college.harvard.edu,9
Layla,Moina,15473801,Layla.Moina@college.harvard.edu,9
Ruthe,Malvino,10021515,Ruthe.Malvino@college.harvard.edu,9
Gerianna,My,12329350,Gerianna.My@college.harvard.edu,9
Kirstin,Johanna,18037145,Kirstin.Johanna@college.harvard.edu,9
Merry,Drus,12392296,Merry.Drus@college.harvard.edu,9
Leanna,Terencio,10279646,Leanna.Terencio@college.harvard.edu,9
Brietta,Allina,19861051,Brietta.Allina@college.harvard.edu,9
Ketti,Cohdwell,19190297,Ketti.Cohdwell@college.harvard.edu,9
Priscilla,Atcliffe,10738212,Priscilla.Atcliffe@college.harvard.edu,9
Myrtice,Standing,19608294,Myrtice.Standing@college.harvard.edu,9
Nannie,Doig,11796401,Nannie.Doig@college.harvard.edu,9
Brooks,Korey,11114508,Brooks.Korey@college.harvard.edu,9
Paulita,Ogren,13497189,Paulita.Ogren@college.harvard.edu,9
Melanie,Chinua,14492121,Melanie.Chinua@college.harvard.edu,9
Betta,Wallis,13059662,Betta.Wallis@college.harvard.edu,9
Paulita,Felizio,12402678,Paulita.Felizio@college.harvard.edu,9
Latisha,Verger,19686138,Latisha.Verger@college.harvard.edu,9
Sallie,Tjon,17702318,Sallie.Tjon@college.harvard.edu,9
Joelly,Isacco,15612284,Joelly.Isacco@college.harvard.edu,9
