Madeleine,Stilwell,13502774,Madeleine.Stilwell@college.harvard.edu,10
Deirdre,Khorma,11100518,Deirdre.Khorma@college.harvard.edu,10
Beth,Roxanna,13130130,Beth.Roxanna@college.harvard.edu,10
Gerianna,Maples,11245424,Gerianna.Maples@college.harvard.edu,10
Valera,Pandolfi,15509054,Valera.Pandolfi@college.harvard.edu,10
Celestyna,Annice,16236203,Celestyna.Annice@college.harvard.edu,10
Myriam,Sinegold,15041739,Myriam.Sinegold@college.harvard.edu,10
Renie,Cadmar,10999559,Renie.Cadmar@college.harvard.edu,10
Elfreda,Jethro,16322570,Elfreda.Jethro@college.harvard.edu,10
Ivett,Marcellus,16350342,Ivett.Marcellus@college.harvard.edu,10
Lacie,Hartnett,18592300,Lacie.Hartnett@college.harvard.edu,10
Nollie,Soneson,11577153,Nollie.Soneson@college.harvard.edu,10
Benita,Joli,10084672,Benita.Joli@college.harvard.edu,10
Tabbatha,Nore,18599543,Tabbatha.Nore@college.harvard.edu,10
Charlena,Saint,18206509,Charlena.Saint@college.harvard.edu,10
Estell,Swanhildas,15322491,Estell.Swanhildas@college.harvard.edu,10
Deedee,Stanwood,17175615,Deedee.Stanwood@college.harvard.edu,10
Jerry,Adamsen,13635100,Jerry.Adamsen@college.harvard.edu,10
Linzy,Maribeth,18033621,Linzy.Maribeth@college.harvard.edu,10
Selia,Llovera,14302923,Selia.Llovera@college.harvard.edu,10
Fred,Stuart,16955982,Fred.Stuart@college.harvard.edu,10
Sissy,Nerita,11476996,Sissy.Nerita@college.harvard.edu,10
Antonietta,Wenoa,14303360,Antonietta.Wenoa@college.harvard.edu,10
Betta,Cullin,14207386,Betta.Cullin@college.harvard.edu,10
Claudina,Eben,15516426,Claudina.Eben@college.harvard.edu,10
Binny,Medrek,17630510,Binny.Medrek@college.harvard.edu,10
Cristabel,Cadmar,14805294,Cristabel.Cadmar@college.harvard.edu,10
Nananne,O'Carroll,15923124,Nananne.O'Carroll@college.harvard.edu,10
Roz,Magnolia,13477994,Roz.Magnolia@college.harvard.edu,10
Carly,Hebner,11834210,Carly.Hebner@college.harvard.edu,10
Edith,Niles,14699985,Edith.Niles@college.harvard.edu,10
Lory,Kat,11308726,Lory.Kat@college.harvard.edu,10
Wilma,Kamaria,14830012,Wilma.Kamaria@college.harvard.edu,10
Rubie,Sandye,18111496,Rubie.Sandye@college.harvard.edu,10
Heddie,Drus,14151283,Heddie.Drus@college.harvard.edu,10
Modestia,Hollingsworth,10118286,Modestia.Hollingsworth@college.harvard.edu,10
Lolita,Esmaria,10966939,Lolita.Esmaria@college.harvard.edu,10
Jany,Yuille,14300562,Jany.Yuille@college.harvard.edu,10
Dede,Reinke,16737716,Dede.Reinke@college.harvard.edu,10
Aigneis,Bartlett,18616245,Aigneis.Bartlett@college.harvard.edu,10
Latisha,Aaberg,14259647,Latisha.Aaberg@college.harvard.edu,10
Corina,Khorma,18801221,Corina.Khorma@college.harvard.edu,10
Kalina,Byrne,16172206,Kalina.Byrne@college.harvard.edu,10
Marti,Garlinda,14768316,Marti.Garlinda@college.harvard.edu,10
Marita,Linehan,19612251,Marita.Linehan@college.harvard.edu,10
Viviene,Peg,12383317,Viviene.Peg@college.harvard.edu,10
Nelle,Thar,11408415,Nelle.Thar@college.harvard.edu,10
Constance,Hull,14103313,Constance.Hull@college.harvard.edu,10
Bettine,Center,10020605,Bettine.Center@college.harvard.edu,10
Emilia,Lipson,14973202,Emilia.Lipson@college.harvard.edu,10
Zaria,Pascia,17938606,Zaria.Pascia@college.harvard.edu,10
Corina,Corrine,15181216,Corina.Corrine@college.harvard.edu,10
Hyacinthe,Gabrielli,18078241,Hyacinthe.Gabrielli@college.harvard.edu,10
Henriette,Orelee,12796359,Henriette.Orelee@college.harvard.edu,10
Layla,Wiener,10342857,Layla.Wiener@college.harvard.edu,10
Tracey,Auberbach,13068180,Tracey.Auberbach@college.harvard.edu,10
Eolanda,Peg,19613518,Eolanda.Peg@college.harvard.edu,10
Corry,Mich,12513879,Corry.Mich@college.harvard.edu,10
Dotty,Ciapas,18158965,Dotty.Ciapas@college.harvard.edu,10
Joy,Melleta,11851251,Joy.Melleta@college.harvard.edu,10
Atlanta,Arley,10870863,Atlanta.Arley@college.harvard.edu,10
Pierette,Sperling,18151935,Pierette.Sperling@college.harvard.edu,10
Vevay,Gaulin,11916162,Vevay.Gaulin@college.harvard.edu,10
Antonietta,Naor,10356185,Antonietta.Naor@college.harvard.edu,10
Rhea,Lareena,13183831,Rhea.Lareena@college.harvard.edu,10
Helena,Anis,12352279,Helena.Anis@college.harvard.edu,10
Dede,Nerita,11300933,Dede.Nerita@college.harvard.edu,10
Nelle,Toffic,19817961,Nelle.Toffic@college.harvard.edu,10
Elka,Cristi,11594912,Elka.Cristi@college.harvard.edu,10
Katuscha,Jefferey,12413018,Katuscha.Jefferey@college.harvard.edu,10
Hope,Giule,15270165,Hope.Giule@college.harvard.edu,10
Dari,Hutchison,11004374,Dari.Hutchison@college.harvard.edu,10
Cherrita,Zuzana,11343879,Cherrita.Zuzana@college.harvard.edu,10
Eugine,Eiser,16971890,Eugine.Eiser@college.harvard.edu,10
Marcy,Anis,14014954,Marcy.Anis@college.harvard.edu,10
Elise,Brenn,19168815,Elise.Brenn@college.harvard.edu,10
Gabi,Rhu,18198334,Gabi.Rhu@college.harvard.edu,10
Elyssa,Linehan,19552669,Elyssa.Linehan@college.harvard.edu,10
Viviene,Mallon,15424002,Viviene.Mallon@college.harvard.edu,10
Meghann,McGrody,12153041,Meghann.McGrody@college.harvard.edu,10
Mady,Havens,14594162,Mady.Havens@college.harvard.edu,10
Gaylene,Duwalt,13838628,Gaylene.Duwalt@college.harvard.edu,10
Kenna,Devlen,18048791,Kenna.Devlen@college.harvard.edu,10
Kirstin,Nadia,16686824,Kirstin.Nadia@college.harvard.edu,10
Kristan,Lilas,11749421,Kristan.Lilas@college.harvard.edu,10
Allis,Fabiola,13054759,Allis.Fabiola@college.harvard.edu,10
Margette,Izaak,14666115,Margette.Izaak@college.harvard.edu,10
Elsie,Wind,14918724,Elsie.Wind@college.harvard.edu,10
Gabi,Nicoline,14732082,Gabi.Nicoline@college.harvard.edu,10
Lanna,Thunell,18150730,Lanna.Thunell@college.harvard.edu,10
Bee,Erich,16134294,Bee.Erich@college.harvard.edu,10
Kore,Dreda,11901674,Kore.Dreda@college.harvard.edu,10
Benita,Ackerley,12274214,Benita.Ackerley@college.harvard.edu,10
Jan,Wesle,19002734,Jan.Wesle@college.harvard.edu,10
Mary,Halla,16390221,Mary.Halla@college.harvard.edu,10
Elise,Vilma,10639670,Elise.Vilma@college.harvard.edu,10
Lusa,Billye,17658135,Lusa.Billye@college.harvard.edu,10
Dania,Casimir,14115304,Dania.Casimir@college.harvard.edu,10
Almeta,Tayib,15324142,Almeta.Tayib@college.harvard.edu,10
Michaelina,Carbo,13380775,Michaelina.Carbo@college.harvard.edu,10
Karina,Bennie,17742510,Karina.Bennie@college.harvard.edu,10
Tracey,Cohdwell,11374641,Tracey.Cohdwell@college.harvard.edu,10
Larine,Cleo,19399426,Larine.Cleo@college.harvard.edu,10
Max,Wilkinson,17436077,Max.Wilkinson@college.harvard.edu,10
Elbertina,Ackerley,11482719,Elbertina.Ackerley@college.harvard.edu,10
Vita,Winnick,13969592,Vita.Winnick@college.harvard.edu,10
Georgetta,Dreda,15355707,Georgetta.Dreda@college.harvard.edu,10
Kayla,Carmena,19670373,Kayla.Carmena@college.harvard.edu,10
Laurene,Christine,13292895,Laurene.Christine@college.harvard.edu,10
Nickie,Harriman,16746023,Nickie.Harriman@college.harvard.edu,10
Gusty,Roche,13328560,Gusty.Roche@college.harvard.edu,10
Veda,Abbot,17930039,Veda.Abbot@college.harvard.edu,10
Asia,Orlene,10170163,Asia.Orlene@college.harvard.edu,10
Carolina,Chobot,11395518,Carolina.Chobot@college.harvard.edu,10
Goldie,Loeb,16005620,Goldie.Loeb@college.harvard.edu,10
Cristabel,Cristi,10754464,Cristabel.Cristi@college.harvard.edu,10
Feliza,Ursulette,16147570,Feliza.Ursulette@college.harvard.edu,10
Kimberley,Wenda,14275515,Kimberley.Wenda@college.harvard.edu,10
Elmira,Even,18578754,Elmira.Even@college.harvard.edu,10
Jsandye,Brandice,17074487,Jsandye.Brandice@college.harvard.edu,10
Larine,Valerio,19586179,Larine.Valerio@college.harvard.edu,10
Mariele,Poppy,19183577,Mariele.Poppy@college.harvard.edu,10
Shaylyn,Demitria,13995873,Shaylyn.Demitria@college.harvard.edu,10
Keelia,Berard,16932321,Keelia.Berard@college.harvard.edu,10
Dianemarie,Kazimir,18044706,Dianemarie.Kazimir@college.harvard.edu,10
Sherrie,Joachim,18392376,Sherrie.Joachim@college.harvard.edu,10
Courtnay,Erminia,13321519,Courtnay.Erminia@college.harvard.edu,10
Madalyn,Emanuel,19277610,Madalyn.Emanuel@college.harvard.edu,10
Dari,Demitria,10003659,Dari.Demitria@college.harvard.edu,10
Christal,Buttaro,19420308,Christal.Buttaro@college.harvard.edu,10
Estell,Roscoe,11583296,Estell.Roscoe@college.harvard.edu,10
Starla,Corilla,13798613,Starla.Corilla@college.harvard.edu,10
Christy,Ellord,13411966,Christy.Ellord@college.harvard.edu,10
Jessamyn,Norvol,13093153,Jessamyn.Norvol@college.harvard.edu,10
Zondra,Kinnard,16018071,Zondra.Kinnard@college.harvard.edu,10
Winny,Weitman,13543075,Winny.Weitman@college.harvard.edu,10
Fred,Oscar,11868156,Fred.Oscar@college.harvard.edu,10
Audrie,Jess,19660083,Audrie.Jess@college.harvard.edu,10
Susan,Tamsky,10741571,Susan.Tamsky@college.harvard.edu,10
Kamilah,Shama,12200289,Kamilah.Shama@college.harvard.edu,10
Jerry,Duwalt,13663804,Jerry.Duwalt@college.harvard.edu,10
Jessamyn,Wadell,19237850,Jessamyn.Wadell@college.harvard.edu,10
Bernardine,Erminia,19143104,Bernardine.Erminia@college.harvard.edu,10
Britte,Greenwald,15592959,Britte.Greenwald@college.harvard.edu,10
Cindelyn,Pelagias,16266769,Cindelyn.Pelagias@college.harvard.edu,10
Marnia,Fosque,16460668,Marnia.Fosque@college.harvard.edu,10
Blondelle,Stuart,12665888,Blondelle.Stuart@college.harvard.edu,10
Ursulina,Deny,13606343,Ursulina.Deny@college.harvard.edu,10
Demetris,Bertold,17777816,Demetris.Bertold@college.harvard.edu,10
Marti,Maisey,17171855,Marti.Maisey@college.harvard.edu,10
Mara,Clarissa,16264437,Mara.Clarissa@college.harvard.edu,10
Talya,Heisel,15024268,Talya.Heisel@college.harvard.edu,10
Fredericka,Clara,15308749,Fredericka.Clara@college.harvard.edu,10
Maurene,Reneta,15341215,Maurene.Reneta@college.harvard.edu,10
Elka,Haldas,10629376,Elka.Haldas@college.harvard.edu,10
Robinia,Ellord,10742371,Robinia.Ellord@college.harvard.edu,10
Sidoney,Etom,11008621,Sidoney.Etom@college.harvard.edu,10
Monika,Gilbertson,17032612,Monika.Gilbertson@college.harvard.edu,10
Charissa,Garrison,10164177,Charissa.Garrison@college.harvard.edu,10
Cathyleen,Sholley,16958010,Cathyleen.Sholley@college.harvard.edu,10
