Pierette,Hutchison,16577108,Pierette.Hutchison@college.harvard.edu,11
Asia,Demitria,19103295,Asia.Demitria@college.harvard.edu,11
Myriam,Jerold,11845800,Myriam.Jerold@college.harvard.edu,11
Eve,Guthrie,14490284,Eve.Guthrie@college.harvard.edu,11
Nanete,Kenwood,13603325,Nanete.Kenwood@college.harvard.edu,11
Winny,Markman,12461674,Winny.Markman@college.harvard.edu,11
Barbara,Love,13075253,Barbara.Love@college.harvard.edu,11
Ronna,Loring,12850713,Ronna.Loring@college.harvard.edu,11
Lanae,Nore,12433872,Lanae.Nore@college.harvard.edu,11
Bibby,Toor,12441773,Bibby.Toor@college.harvard.edu,11
Gertrud,Abbot,18844206,Gertrud.Abbot@college.harvard.edu,11
Brena,Huggins,11493336,Brena.Huggins@college.harvard.edu,11
Teriann,Sancho,15442589,Teriann.Sancho@college.harvard.edu,11
Vinita,Tristram,17439041,Vinita.Tristram@college.harvard.edu,11
Albertina,Peg,16155043,Albertina.Peg@college.harvard.edu,11
Sabina,Iiette,14909226,Sabina.Iiette@college.harvard.edu,11
Viki,Dahlia,14758454,Viki.Dahlia@college.harvard.edu,11
Rozele,Cleavland,15945516,Rozele.Cleavland@college.harvard.edu,11
Dotty,Dex,16624239,Dotty.Dex@college.harvard.edu,11
Ekaterina,Salvidor,15037295,Ekaterina.Salvidor@college.harvard.edu,11
Justinn,Mallon,18157448,Justinn.Mallon@college.harvard.edu,11
Jeanna,Velick,10123917,Jeanna.Velick@college.harvard.edu,11
Corly,Stelle,13629300,Corly.Stelle@college.harvard.edu,11
Averyl,Brieta,15653824,Averyl.Brieta@college.harvard.edu,11
Laure,Aloise,13243090,Laure.Aloise@college.harvard.edu,11
Clary,Stevy,14691987,Clary.Stevy@college.harvard.edu,11
Susette,Elephus,15826857,Susette.Elephus@college.harvard.edu,11
Britte,Yate,12685480,Britte.Yate@college.harvard.edu,11
Fayre,Dawkins,12600497,Fayre.Dawkins@college.harvard.edu,11
Katleen,Norvol,16415829,Katleen.Norvol@college.harvard.edu,11
Angela,Harned,16145536,Angela.Harned@college.harvard.edu,11
Marline,Himelman,18829950,Marline.Himelman@college.harvard.edu,11
Karlee,Freddi,12962460,Karlee.Freddi@college.harvard.edu,11
Netty,Jagir,17321044,Netty.Jagir@college.harvard.edu,11
Zaria,Hollingsworth,18200710,Zaria.Hollingsworth@college.harvard.edu,11
Raina,Jammal,13224952,Raina.Jammal@college.harvard.edu,11
Aaren,Timon,18630067,Aaren.Timon@college.harvard.edu,11
Ottilie,Codding,12467150,Ottilie.Codding@college.harvard.edu,11
Eolanda,Elvyn,14220399,Eolanda.Elvyn@college.harvard.edu,11
Caressa,Granoff,10940599,Caressa.Granoff@college.harvard.edu,11
Edyth,Nisbet,10370788,Edyth.Nisbet@college.harvard.edu,11
Carmencita,Mullane,10923218,Carmencita.Mullane@college.harvard.edu,11
Wynne,Orpah,18984001,Wynne.Orpah@college.harvard.edu,11
Elfreda,Roarke,17265644,Elfreda.Roarke@college.harvard.edu,11
Shaylyn,Dermott,15790783,Shaylyn.Dermott@college.harvard.edu,11
Hyacinthe,Ardeha,10077366,Hyacinthe.Ardeha@college.harvard.edu,11
Karina,Demitria,13558041,Karina.Demitria@college.harvard.edu,11
Karina,Septima,10705116,Karina.Septima@college.harvard.edu,11
Sharlene,Carolin,12191886,Sharlene.Carolin@college.harvard.edu,11
Kaja,Carbo,10160444,Kaja.Carbo@college.harvard.edu,11
Kelly,Larochelle,13560035,Kelly.Larochelle@college.harvard.edu,11
Cathie,Stover,10070624,Cathie.Stover@college.harvard.edu,11
Tierney,Wu,19390579,Tierney.Wu@college.harvard.edu,11
Mariann,Ellord,19579544,Mariann.Ellord@college.harvard.edu,11
Katharina,Wu,12200428,Katharina.Wu@college.harvard.edu,11
Monika,Gilbertson,11513013,Monika.Gilbertson@college.harvard.edu,11
Benita,Chesna,12792205,Benita.Chesna@college.harvard.edu,11
Dennie,Dearborn,15183255,Dennie.Dearborn@college.harvard.edu,11
Sherrie,Delila,16543911,Sherrie.Delila@college.harvard.edu,11
Edee,Rogerio,13735216,Edee.Rogerio@college.harvard.edu,11
Kassey,Linehan,14799851,Kassey.Linehan@college.harvard.edu,11
Sybille,Regan,12826053,Sybille.Regan@college.harvard.edu,11
Petronia,Euridice,13842596,Petronia.Euridice@college.harvard.edu,11
Karlee,Chick,10054746,Karlee.Chick@college.harvard.edu,11
Caryl,Lemuela,19722099,Caryl.Lemuela@college.harvard.edu,11
Teddie,Maribeth,16391554,Teddie.Maribeth@college.harvard.edu,11
Marinna,Richers,15139396,Marinna.Richers@college.harvard.edu,11
Melina,Wattenberg,18382813,Melina.Wattenberg@college.harvard.edu,11
Beverley,Hepsibah,13588302,Beverley.Hepsibah@college.harvard.edu,11
Rosabelle,Virgin,19883934,Rosabelle.Virgin@college.harvard.edu,11
Tobe,Sawtelle,11512037,Tobe.Sawtelle@college.harvard.edu,11
Rivalee,Celestine,15722847,Rivalee.Celestine@college.harvard.edu,11
Roz,Pattin,16693374,Roz.Pattin@college.harvard.edu,11
Felice,Harned,19046660,Felice.Harned@college.harvard.edu,11
Sabina,Leonard,18537336,Sabina.Leonard@college.harvard.edu,11
Beth,Lane,13794991,Beth.Lane@college.harvard.edu,11
Leontine,Aaberg,13067083,Leontine.Aaberg@college.harvard.edu,11
Emma,Skell,11081268,Emma.Skell@college.harvard.edu,11
Konstance,Saree,14549180,Konstance.Saree@college.harvard.edu,11
Sabina,Carmena,18244992,Sabina.Carmena@college.harvard.edu,11
Kristan,Jorgan,14820315,Kristan.Jorgan@college.harvard.edu,11
Halette,Klotz,18782640,Halette.Klotz@college.harvard.edu,11
Jacenta,Brittani,12443962,Jacenta.Brittani@college.harvard.edu,11
Gratia,Shanley,10885196,Gratia.Shanley@college.harvard.edu,11
Taffy,Tillford,11940032,Taffy.Tillford@college.harvard.edu,11
Nannie,Guthrie,10524332,Nannie.Guthrie@college.harvard.edu,11
Charlena,Merat,12169291,Charlena.Merat@college.harvard.edu,11
Mary,Bultman,15750814,Mary.Bultman@college.harvard.edu,11
Almeta,Cullin,16172880,Almeta.Cullin@college.harvard.edu,11
Vere,Rona,17915729,Vere.Rona@college.harvard.edu,11
Tomasina,Hoban,15333981,Tomasina.Hoban@college.harvard.edu,11
Lynde,Mathilde,19140405,Lynde.Mathilde@college.harvard.edu,11
Nikki,Schonfeld,18809260,Nikki.Schonfeld@college.harvard.edu,11
Ulrike,Kenwood,18096180,Ulrike.Kenwood@college.harvard.edu,11
Ricky,Florina,14441717,Ricky.Florina@college.harvard.edu,11
Teriann,Berl,10363305,Teriann.Berl@college.harvard.edu,11
Sabina,Arley,15914055,Sabina.Arley@college.harvard.edu,11
Kenna,Docilla,18378220,Kenna.Docilla@college.harvard.edu,11
Linet,Scammon,13208799,Linet.Scammon@college.harvard.edu,11
Violet,Means,17766129,Violet.Means@college.harvard.edu,11
Starla,Scammon,18653174,Starla.Scammon@college.harvard.edu,11
Marleah,Miru,16850946,Marleah.Miru@college.harvard.edu,11
Dorthy,Dash,19938733,Dorthy.Dash@college.harvard.edu,11
Arlina,Killigrew,13493162,Arlina.Killigrew@college.harvard.edu,11
Brana,Morrill,15793104,Brana.Morrill@college.harvard.edu,11
Sharlene,Adalbert,15917034,Sharlene.Adalbert@college.harvard.edu,11
Pierette,Othilia,18189491,Pierette.Othilia@college.harvard.edu,11
Sallie,Lilas,11776971,Sallie.Lilas@college.harvard.edu,11
Danika,Ochs,10456197,Danika.Ochs@college.harvard.edu,11
Giustina,Mozelle,10619083,Giustina.Mozelle@college.harvard.edu,11
Tobe,Hillel,17592243,Tobe.Hillel@college.harvard.edu,11
Cindelyn,Ioab,12257941,Cindelyn.Ioab@college.harvard.edu,11
Marcelline,Hillel,10902962,Marcelline.Hillel@college.harvard.edu,11
Paule,Madox,19133819,Paule.Madox@college.harvard.edu,11
Emilia,Fitzsimmons,17806817,Emilia.Fitzsimmons@college.harvard.edu,11
Dode,Jarib,13718637,Dode.Jarib@college.harvard.edu,11
Mureil,Ochs,11898412,Mureil.Ochs@college.harvard.edu,11
Talya,Millda,18899979,Talya.Millda@college.harvard.edu,11
Adele,Malina,16872005,Adele.Malina@college.harvard.edu,11
Margette,Elisha,18854868,Margette.Elisha@college.harvard.edu,11
Di,Breed,13105368,Di.Breed@college.harvard.edu,11
Merrie,Chaing,16311936,Merrie.Chaing@college.harvard.edu,11
Sophia,Justinn,19294813,Sophia.Justinn@college.harvard.edu,11
Lauryn,Timon,11998883,Lauryn.Timon@college.harvard.edu,11
Ericka,Harned,12396249,Ericka.Harned@college.harvard.edu,11
Joleen,Halsey,14862378,Joleen.Halsey@college.harvard.edu,11
Romona,Demitria,19907914,Romona.Demitria@college.harvard.edu,11
Melisent,Dichy,19512084,Melisent.Dichy@college.harvard.edu,11
Flo,Linehan,17929526,Flo.Linehan@college.harvard.edu,11
Paulita,Prouty,15145770,Paulita.Prouty@college.harvard.edu,11
Letizia,Clarissa,12941771,Letizia.Clarissa@college.harvard.edu,11
Winifred,Dyche,17844048,Winifred.Dyche@college.harvard.edu,11
Taffy,Maryanne,14927666,Taffy.Maryanne@college.harvard.edu,11
Rosanne,Amethist,10610282,Rosanne.Amethist@college.harvard.edu,11
Shaylyn,Astra,15744819,Shaylyn.Astra@college.harvard.edu,11
Delilah,Saunderson,16577825,Delilah.Saunderson@college.harvard.edu,11
Gusty,Orlene,16824746,Gusty.Orlene@college.harvard.edu,11
Sashenka,Voletta,19458733,Sashenka.Voletta@college.harvard.edu,11
Adele,Gaal,12531900,Adele.Gaal@college.harvard.edu,11
Felice,Bivins,15529454,Felice.Bivins@college.harvard.edu,11
Pollyanna,Holtz,18808323,Pollyanna.Holtz@college.harvard.edu,11
Dacia,Uund,13834833,Dacia.Uund@college.harvard.edu,11
Jorry,Holbrook,19036107,Jorry.Holbrook@college.harvard.edu,11
Catharine,Gaal,10492544,Catharine.Gaal@college.harvard.edu,11
Sara-Ann,Wittie,19478760,Sara-Ann.Wittie@college.harvard.edu,11
Gusty,Tryck,13366608,Gusty.Tryck@college.harvard.edu,11
Elvira,Sophronia,10448144,Elvira.Sophronia@college.harvard.edu,11
Myrtice,Leopold,14772626,Myrtice.Leopold@college.harvard.edu,11
Stevana,Orlene,12857917,Stevana.Orlene@college.harvard.edu,11
Corry,Strephon,10939633,Corry.Strephon@college.harvard.edu,11
Brooks,Creamer,19351121,Brooks.Creamer@college.harvard.edu,11
Carmela,Karna,17425501,Carmela.Karna@college.harvard.edu,11
Aigneis,Michella,19558498,Aigneis.Michella@college.harvard.edu,11
Helena,Gert,13275436,Helena.Gert@college.harvard.edu,11
Nyssa,Longfellow,16028266,Nyssa.Longfellow@college.harvard.edu,11
Ida,Wilkinson,17300062,Ida.Wilkinson@college.harvard.edu,11
Iseabal,Land,15815392,Iseabal.Land@college.harvard.edu,11
Natka,Ellord,13481438,Natka.Ellord@college.harvard.edu,11
Aeriela,Colbert,16741827,Aeriela.Colbert@college.harvard.edu,11
Joy,Dielu,16119039,Joy.Dielu@college.harvard.edu,11
Miquela,Keelia,13632942,Miquela.Keelia@college.harvard.edu,11
Fawne,Sigfrid,11903270,Fawne.Sigfrid@college.harvard.edu,11
Ileana,Erlandson,17180867,Ileana.Erlandson@college.harvard.edu,11
Ileana,Eno,15411773,Ileana.Eno@college.harvard.edu,11
Tobe,Luhe,19471335,Tobe.Luhe@college.harvard.edu,11
Robinia,Larochelle,16935466,Robinia.Larochelle@college.harvard.edu,11
Noelle,Mozelle,12677312,Noelle.Mozelle@college.harvard.edu,11
Jsandye,Raseda,10487563,Jsandye.Raseda@college.harvard.edu,11
Phylis,Koehler,16551520,Phylis.Koehler@college.harvard.edu,11
Gretal,Carvey,12341371,Gretal.Carvey@college.harvard.edu,11
Ekaterina,Donoghue,10558401,Ekaterina.Donoghue@college.harvard.edu,11
Genovera,Alexandr,13576426,Genovera.Alexandr@college.harvard.edu,11
Nita,Engdahl,12930901,Nita.Engdahl@college.harvard.edu,11
Kalina,Carlson,19727831,Kalina.Carlson@college.harvard.edu,11
