Carly,Haymes,10825876,Carly.Haymes@college.harvard.edu,0
Gusty,Merat,11280490,Gusty.Merat@college.harvard.edu,0
Melanie,Merna,17144995,Melanie.Merna@college.harvard.edu,0
Sharai,Meli,16097823,Sharai.Meli@college.harvard.edu,0
Jordan,Gilmour,10076614,Jordan.Gilmour@college.harvard.edu,0
Gerianna,Maples,11245424,Gerianna.Maples@college.harvard.edu,0
Ann-Marie,Sherrie,13813311,Ann-Marie.Sherrie@college.harvard.edu,0
Cyb,Rurik,10785022,Cyb.Rurik@college.harvard.edu,0
Zia,Jillane,11583059,Zia.Jillane@college.harvard.edu,0
Lizzie,Brunell,11196935,Lizzie.Brunell@college.harvard.edu,0
Chickie,Chandler,17953550,Chickie.Chandler@college.harvard.edu,0
Heddie,Newell,14364128,Heddie.Newell@college.harvard.edu,0
Nicoli,Morrill,18458190,Nicoli.Morrill@college.harvard.edu,0
Gretal,Septima,14392954,Gretal.Septima@college.harvard.edu,0
Helena,Zamora,12541094,Helena.Zamora@college.harvard.edu,0
Hermione,Valerio,12033707,Hermione.Valerio@college.harvard.edu,0
Gabi,Drisko,12313850,Gabi.Drisko@college.harvard.edu,0
Dione,Rad,17225979,Dione.Rad@college.harvard.edu,0
Winny,Tryck,14652923,Winny.Tryck@college.harvard.edu,0
Alex,Clie,11202302,Alex.Clie@college.harvard.edu,0
Marguerite,Uird,10617958,Marguerite.Uird@college.harvard.edu,0
Cissiee,Ehrman,16000436,Cissiee.Ehrman@college.harvard.edu,0
Marjie,Tristram,18960145,Marjie.Tristram@college.harvard.edu,0
Maisey,Gilbertson,10211491,Maisey.Gilbertson@college.harvard.edu,0
Blake,Arathorn,18718806,Blake.Arathorn@college.harvard.edu,0
Charlena,Saint,18206509,Charlena.Saint@college.harvard.edu,0
Doro,Dom,17592122,Doro.Dom@college.harvard.edu,0
Korrie,Berl,16614900,Korrie.Berl@college.harvard.edu,0
Jeanna,Velick,10123917,Jeanna.Velick@college.harvard.edu,0
Linzy,Maribeth,18033621,Linzy.Maribeth@college.harvard.edu,0
Fredericka,Emanuel,16334739,Fredericka.Emanuel@college.harvard.edu,0
Alex,Modie,12824975,Alex.Modie@college.harvard.edu,0
Britte,Yate,12685480,Britte.Yate@college.harvard.edu,0
Fred,Stuart,16955982,Fred.Stuart@college.harvard.edu,0
Violet,Pearse,16987852,Violet.Pearse@college.harvard.edu,0
Ileana,Michella,14244904,Ileana.Michella@college.harvard.edu,0
Yetty,Ralfston,17852222,Yetty.Ralfston@college.harvard.edu,0
Hannis,Huggins,18598141,Hannis.Huggins@college.harvard.edu,0
Mahalia,Hilbert,15163827,Mahalia.Hilbert@college.harvard.edu,0
Annora,Riva,16776558,Annora.Riva@college.harvard.edu,0
Sue,Arley,14858721,Sue.Arley@college.harvard.edu,0
Modestia,Center,12591112,Modestia.Center@college.harvard.edu,0
Halette,Smitt,16408364,Halette.Smitt@college.harvard.edu,0
Modestia,Hollingsworth,10118286,Modestia.Hollingsworth@college.harvard.edu,0
Genevra,Pulsifer,18354386,Genevra.Pulsifer@college.harvard.edu,0
Adriana,Joni,13722087,Adriana.Joni@college.harvard.edu,0
Jany,Chick,16714167,Jany.Chick@college.harvard.edu,0
Kayla,Kaete,11745772,Kayla.Kaete@college.harvard.edu,0
Esmeralda,Nikaniki,16722854,Esmeralda.Nikaniki@college.harvard.edu,0
Valli,Lattie,16073877,Valli.Lattie@college.harvard.edu,0
Karina,Septima,10705116,Karina.Septima@college.harvard.edu,0
Lorenza,Zenas,15456782,Lorenza.Zenas@college.harvard.edu,0
Drucie,Karylin,18703631,Drucie.Karylin@college.harvard.edu,0
Dulcinea,Erskine,10629135,Dulcinea.Erskine@college.harvard.edu,0
Nikki,Norrie,15105613,Nikki.Norrie@college.harvard.edu,0
Chickie,Shanley,13273260,Chickie.Shanley@college.harvard.edu,0
Dulce,Toffic,12831699,Dulce.Toffic@college.harvard.edu,0
Katharina,Wu,12200428,Katharina.Wu@college.harvard.edu,0
Clarice,Blase,11814082,Clarice.Blase@college.harvard.edu,0
Gale,Killigrew,15363331,Gale.Killigrew@college.harvard.edu,0
Regina,Konyn,19542595,Regina.Konyn@college.harvard.edu,0
Eolanda,Peg,19613518,Eolanda.Peg@college.harvard.edu,0
Annaliese,Alejoa,13470073,Annaliese.Alejoa@college.harvard.edu,0
Ninnetta,Reinke,12248015,Ninnetta.Reinke@college.harvard.edu,0
Cindelyn,Jobi,13147912,Cindelyn.Jobi@college.harvard.edu,0
Edee,Rogerio,13735216,Edee.Rogerio@college.harvard.edu,0
Marcy,Sisile,14867222,Marcy.Sisile@college.harvard.edu,0
Siana,Bahr,11503157,Siana.Bahr@college.harvard.edu,0
Janis,Yusuk,16678519,Janis.Yusuk@college.harvard.edu,0
Nadine,Jefferey,12412862,Nadine.Jefferey@college.harvard.edu,0
Darci,Agle,18206648,Darci.Agle@college.harvard.edu,0
Pierette,Sperling,18151935,Pierette.Sperling@college.harvard.edu,0
Calla,Carvey,18820580,Calla.Carvey@college.harvard.edu,0
Joelly,Gaynor,19662517,Joelly.Gaynor@college.harvard.edu,0
Claresta,Ashok,19904763,Claresta.Ashok@college.harvard.edu,0
Heida,Buttaro,13580117,Heida.Buttaro@college.harvard.edu,0
Nyssa,Himelman,12791091,Nyssa.Himelman@college.harvard.edu,0
Marita,Montgomery,19055511,Marita.Montgomery@college.harvard.edu,0
Bee,Eckblad,17355908,Bee.Eckblad@college.harvard.edu,0
Leanna,Arley,10058655,Leanna.Arley@college.harvard.edu,0
Lita,Tarrant,11960175,Lita.Tarrant@college.harvard.edu,0
Hope,Giule,15270165,Hope.Giule@college.harvard.edu,0
Arabel,Peti,19898765,Arabel.Peti@college.harvard.edu,0
Shandie,Daegal,16683798,Shandie.Daegal@college.harvard.edu,0
Daryl,Millda,14506858,Daryl.Millda@college.harvard.edu,0
Maye,Carbo,13259741,Maye.Carbo@college.harvard.edu,0
Sue,Etom,10494732,Sue.Etom@college.harvard.edu,0
Kristan,Noman,10708953,Kristan.Noman@college.harvard.edu,0
Camile,Ciro,18579615,Camile.Ciro@college.harvard.edu,0
Meghann,McGrody,12153041,Meghann.McGrody@college.harvard.edu,0
Mady,Havens,14594162,Mady.Havens@college.harvard.edu,0
Jemie,Abbot,18958721,Jemie.Abbot@college.harvard.edu,0
Gerianna,Ashok,18081379,Gerianna.Ashok@college.harvard.edu,0
Ermengarde,Bartlett,15322110,Ermengarde.Bartlett@college.harvard.edu,0
Kathi,Millda,15187822,Kathi.Millda@college.harvard.edu,0
Pierette,Toni,15272379,Pierette.Toni@college.harvard.edu,0
Jan,Wesle,19002734,Jan.Wesle@college.harvard.edu,0
Carolina,Pacorro,16629153,Carolina.Pacorro@college.harvard.edu,0
Elise,Vilma,10639670,Elise.Vilma@college.harvard.edu,0
Rochette,Ammann,14913917,Rochette.Ammann@college.harvard.edu,0
Maurene,Ivens,15557984,Maurene.Ivens@college.harvard.edu,0
Kirstin,Stilwell,18754355,Kirstin.Stilwell@college.harvard.edu,0
Elbertina,Ackerley,11482719,Elbertina.Ackerley@college.harvard.edu,0
Emilia,Fitzsimmons,17806817,Emilia.Fitzsimmons@college.harvard.edu,0
Wileen,O'Rourke,11201153,Wileen.O'Rourke@college.harvard.edu,0
Adriana,Liebermann,13083851,Adriana.Liebermann@college.harvard.edu,0
Rubie,Marijo,15074851,Rubie.Marijo@college.harvard.edu,0
Hallie,Goddard,13455127,Hallie.Goddard@college.harvard.edu,0
Neila,Schroth,19328826,Neila.Schroth@college.harvard.edu,0
Jenilee,Kalinda,14007845,Jenilee.Kalinda@college.harvard.edu,0
Bobinette,Bennie,13859484,Bobinette.Bennie@college.harvard.edu,0
Zondra,Ellord,13839371,Zondra.Ellord@college.harvard.edu,0
Hyacinthe,Kathie,19515566,Hyacinthe.Kathie@college.harvard.edu,0
Feliza,McNully,11725282,Feliza.McNully@college.harvard.edu,0
Ginnie,Karl,15686139,Ginnie.Karl@college.harvard.edu,0
Atlanta,Lanita,12339168,Atlanta.Lanita@college.harvard.edu,0
Delilah,Wilkinson,14720800,Delilah.Wilkinson@college.harvard.edu,0
Nessie,Anyah,12191748,Nessie.Anyah@college.harvard.edu,0
Teriann,Lucienne,19638455,Teriann.Lucienne@college.harvard.edu,0
Romona,Demitria,19907914,Romona.Demitria@college.harvard.edu,0
Elmira,Even,18578754,Elmira.Even@college.harvard.edu,0
Sherrie,Khorma,19338831,Sherrie.Khorma@college.harvard.edu,0
Blake,Harl,14163696,Blake.Harl@college.harvard.edu,0
Blinni,Dunkin,18368733,Blinni.Dunkin@college.harvard.edu,0
Vinita,Wyn,15029274,Vinita.Wyn@college.harvard.edu,0
Gavrielle,Riva,11691853,Gavrielle.Riva@college.harvard.edu,0
Devina,Shirberg,14575263,Devina.Shirberg@college.harvard.edu,0
Bernardine,Boycey,16023468,Bernardine.Boycey@college.harvard.edu,0
Annabela,Kirbee,16716633,Annabela.Kirbee@college.harvard.edu,0
Gusty,Tryck,13366608,Gusty.Tryck@college.harvard.edu,0
Vere,Delila,12164288,Vere.Delila@college.harvard.edu,0
Stevana,Orlene,12857917,Stevana.Orlene@college.harvard.edu,0
Ekaterina,Maiah,16845912,Ekaterina.Maiah@college.harvard.edu,0
Kary,Mike,13717657,Kary.Mike@college.harvard.edu,0
Angela,Duwalt,19037509,Angela.Duwalt@college.harvard.edu,0
Kathi,Korey,14116501,Kathi.Korey@college.harvard.edu,0
Susette,O'Rourke,15958817,Susette.O'Rourke@college.harvard.edu,0
Kristina,Roscoe,17390121,Kristina.Roscoe@college.harvard.edu,0
Genevra,Rillings,10949407,Genevra.Rillings@college.harvard.edu,0
Vinita,Hylan,12534388,Vinita.Hylan@college.harvard.edu,0
Zondra,Shaddock,10782217,Zondra.Shaddock@college.harvard.edu,0
Bee,Mallon,13634956,Bee.Mallon@college.harvard.edu,0
Dawn,Kunin,12977263,Dawn.Kunin@college.harvard.edu,0
Allyce,Rozanna,14944069,Allyce.Rozanna@college.harvard.edu,0
Ketti,Cohdwell,19190297,Ketti.Cohdwell@college.harvard.edu,0
Malina,Bonilla,10078311,Malina.Bonilla@college.harvard.edu,0
Brooks,Korey,11114508,Brooks.Korey@college.harvard.edu,0
Kayla,Hachmin,10673577,Kayla.Hachmin@college.harvard.edu,0
Jan,Liva,16093870,Jan.Liva@college.harvard.edu,0
Nelle,Erich,13451313,Nelle.Erich@college.harvard.edu,0
Danika,Nunci,19294671,Danika.Nunci@college.harvard.edu,0
Arabel,Dalli,18867335,Arabel.Dalli@college.harvard.edu,0
Elise,Kellby,12101108,Elise.Kellby@college.harvard.edu,0
Ekaterina,Donoghue,10558401,Ekaterina.Donoghue@college.harvard.edu,0
Robinia,Ellord,10742371,Robinia.Ellord@college.harvard.edu,0
Cathyleen,Sholley,16958010,Cathyleen.Sholley@college.harvard.edu,0
Viki,Lucienne,11379809,Viki.Lucienne@college.harvard.edu,0
Angelique,Briney,14065940,Angelique.Briney@college.harvard.edu,0
Lynea,Israeli,17410167,Lynea.Israeli@college.harvard.edu,0
Marsiella,Edmund,17939908,Marsiella.Edmund@college.harvard.edu,0
