Cristabel,Audly,19191289,Cristabel.Audly@college.harvard.edu,1
Roberta,Ingra,11936833,Roberta.Ingra@college.harvard.edu,1
Inga,Bow,15657083,Inga.Bow@college.harvard.edu,1
Aryn,Hanleigh,19408239,Aryn.Hanleigh@college.harvard.edu,1
Penelopa,Harned,16443115,Penelopa.Harned@college.harvard.edu,1
Melina,Jethro,15840321,Melina.Jethro@college.harvard.edu,1
Collen,Garek,17585948,Collen.Garek@college.harvard.edu,1
Marti,Alva,15373184,Marti.Alva@college.harvard.edu,1
Emylee,Emmaline,17140291,Emylee.Emmaline@college.harvard.edu,1
Lanae,Nore,12433872,Lanae.Nore@college.harvard.edu,1
Carol-Jean,Elsinore,13442638,Carol-Jean.Elsinore@college.harvard.edu,1
Jenda,Diann,15279072,Jenda.Diann@college.harvard.edu,1
Charlena,Nedrud,17314209,Charlena.Nedrud@college.harvard.edu,1
Merci,Ailyn,14009783,Merci.Ailyn@college.harvard.edu,1
Christy,Iiette,13392284,Christy.Iiette@college.harvard.edu,1
Eugine,Carbo,13790515,Eugine.Carbo@college.harvard.edu,1
Josephine,Chaing,10018430,Josephine.Chaing@college.harvard.edu,1
Linet,Rosette,17390813,Linet.Rosette@college.harvard.edu,1
Nannie,Zetta,16190963,Nannie.Zetta@college.harvard.edu,1
Claudina,Artie,14132861,Claudina.Artie@college.harvard.edu,1
Siana,Annice,13442797,Siana.Annice@college.harvard.edu,1
Lila,Fink,12762578,Lila.Fink@college.harvard.edu,1
Fanchon,Lewes,19289772,Fanchon.Lewes@college.harvard.edu,1
Bettine,Niccolo,12587420,Bettine.Niccolo@college.harvard.edu,1
Mireielle,Ardra,12726659,Mireielle.Ardra@college.harvard.edu,1
Alleen,Rosemary,10161183,Alleen.Rosemary@college.harvard.edu,1
Cindelyn,Joni,16161089,Cindelyn.Joni@college.harvard.edu,1
Jacenta,Lory,14648651,Jacenta.Lory@college.harvard.edu,1
Dorene,Casimir,14420637,Dorene.Casimir@college.harvard.edu,1
Justinn,Mallon,18157448,Justinn.Mallon@college.harvard.edu,1
Bobinette,Matthew,15380655,Bobinette.Matthew@college.harvard.edu,1
Reeba,Wyn,18793626,Reeba.Wyn@college.harvard.edu,1
Brandise,Delila,11340377,Brandise.Delila@college.harvard.edu,1
Rosabelle,Lymann,12009571,Rosabelle.Lymann@college.harvard.edu,1
Joelly,O'Carroll,14035190,Joelly.O'Carroll@college.harvard.edu,1
Latisha,Fink,18665119,Latisha.Fink@college.harvard.edu,1
Marline,Himelman,18829950,Marline.Himelman@college.harvard.edu,1
Marline,Myrilla,15466072,Marline.Myrilla@college.harvard.edu,1
Anica,Yusuk,17348593,Anica.Yusuk@college.harvard.edu,1
Rhoda,Mathilde,11529282,Rhoda.Mathilde@college.harvard.edu,1
Josephine,Grosz,10004157,Josephine.Grosz@college.harvard.edu,1
Lila,Bergman,18979745,Lila.Bergman@college.harvard.edu,1
Eolanda,Elvyn,14220399,Eolanda.Elvyn@college.harvard.edu,1
Carly,Hebner,11834210,Carly.Hebner@college.harvard.edu,1
Gwyneth,Juliet,13474778,Gwyneth.Juliet@college.harvard.edu,1
Berget,Charity,14398281,Berget.Charity@college.harvard.edu,1
Riannon,Raseda,13800219,Riannon.Raseda@college.harvard.edu,1
Farrah,Persse,15121382,Farrah.Persse@college.harvard.edu,1
Cordi,Nester,15385272,Cordi.Nester@college.harvard.edu,1
Tracey,Kenney,12275100,Tracey.Kenney@college.harvard.edu,1
Nannie,Kamaria,12036948,Nannie.Kamaria@college.harvard.edu,1
Brana,Tacye,19181978,Brana.Tacye@college.harvard.edu,1
Mara,Alva,19709563,Mara.Alva@college.harvard.edu,1
Emylee,Felecia,19931607,Emylee.Felecia@college.harvard.edu,1
Lenna,Gillan,16279900,Lenna.Gillan@college.harvard.edu,1
Odessa,Fredi,18714567,Odessa.Fredi@college.harvard.edu,1
Lolita,Rheingold,12345849,Lolita.Rheingold@college.harvard.edu,1
Shauna,Dunkin,17752080,Shauna.Dunkin@college.harvard.edu,1
Cindelyn,Holbrook,12951408,Cindelyn.Holbrook@college.harvard.edu,1
Nerta,Modie,11532864,Nerta.Modie@college.harvard.edu,1
Viviene,Peg,12383317,Viviene.Peg@college.harvard.edu,1
Kirstin,Ruvolo,10796580,Kirstin.Ruvolo@college.harvard.edu,1
Ivett,O'Neill,18808262,Ivett.O'Neill@college.harvard.edu,1
Sybille,Valoniah,15672703,Sybille.Valoniah@college.harvard.edu,1
Harmonia,Norrie,17792981,Harmonia.Norrie@college.harvard.edu,1
Paulita,Saunderson,11296242,Paulita.Saunderson@college.harvard.edu,1
Arlina,Chabot,14578894,Arlina.Chabot@college.harvard.edu,1
Raquela,Chaing,19614740,Raquela.Chaing@college.harvard.edu,1
Damaris,Ranjiv,16960175,Damaris.Ranjiv@college.harvard.edu,1
Lelah,Andrel,13434221,Lelah.Andrel@college.harvard.edu,1
Trixi,Gregrory,12849347,Trixi.Gregrory@college.harvard.edu,1
Lelah,Gabrielli,14213291,Lelah.Gabrielli@college.harvard.edu,1
Elora,Sundin,19600495,Elora.Sundin@college.harvard.edu,1
Joy,Melleta,11851251,Joy.Melleta@college.harvard.edu,1
Shell,Nisbet,13303685,Shell.Nisbet@college.harvard.edu,1
Angela,Shaver,16805573,Angela.Shaver@college.harvard.edu,1
Marika,Marisa,16594531,Marika.Marisa@college.harvard.edu,1
Shirlee,Ader,16064336,Shirlee.Ader@college.harvard.edu,1
Vinita,Halla,15971409,Vinita.Halla@college.harvard.edu,1
Caryl,Lemuela,19722099,Caryl.Lemuela@college.harvard.edu,1
Carmela,Swigart,12316124,Carmela.Swigart@college.harvard.edu,1
Eadie,Monaco,15882522,Eadie.Monaco@college.harvard.edu,1
Helena,Anis,12352279,Helena.Anis@college.harvard.edu,1
Asia,Genna,17975266,Asia.Genna@college.harvard.edu,1
Tamqrah,Dichy,13443411,Tamqrah.Dichy@college.harvard.edu,1
Gertrud,Belldas,14517085,Gertrud.Belldas@college.harvard.edu,1
Iseabal,Constancy,10160090,Iseabal.Constancy@college.harvard.edu,1
Kial,Ochs,12922281,Kial.Ochs@college.harvard.edu,1
Ginnie,August,10028149,Ginnie.August@college.harvard.edu,1
Gusty,Ramona,17207025,Gusty.Ramona@college.harvard.edu,1
Jobi,Fitzsimmons,10962986,Jobi.Fitzsimmons@college.harvard.edu,1
Romona,Calhoun,14938737,Romona.Calhoun@college.harvard.edu,1
Sharlene,Gillan,15414309,Sharlene.Gillan@college.harvard.edu,1
Kristan,Warthman,19397944,Kristan.Warthman@college.harvard.edu,1
Elyssa,Linehan,19552669,Elyssa.Linehan@college.harvard.edu,1
Winifred,Michella,11136721,Winifred.Michella@college.harvard.edu,1
Kaia,Tannie,13697726,Kaia.Tannie@college.harvard.edu,1
Teriann,Berl,10363305,Teriann.Berl@college.harvard.edu,1
Glenda,Evangelia,10739274,Glenda.Evangelia@college.harvard.edu,1
Linet,Scammon,13208799,Linet.Scammon@college.harvard.edu,1
Caryl,Leler,16651088,Caryl.Leler@college.harvard.edu,1
Almeta,Tayib,15324142,Almeta.Tayib@college.harvard.edu,1
Stacey,Buckler,18733779,Stacey.Buckler@college.harvard.edu,1
Marsiella,Luhe,19570569,Marsiella.Luhe@college.harvard.edu,1
Kary,Imelida,11482330,Kary.Imelida@college.harvard.edu,1
Claudina,Clara,15834642,Claudina.Clara@college.harvard.edu,1
Melisent,Danby,17656632,Melisent.Danby@college.harvard.edu,1
Cacilie,Maroney,18986461,Cacilie.Maroney@college.harvard.edu,1
Cacilie,Reinke,15016735,Cacilie.Reinke@college.harvard.edu,1
Zia,Rocray,17918669,Zia.Rocray@college.harvard.edu,1
Leona,Raychel,19810764,Leona.Raychel@college.harvard.edu,1
Claudina,Clarissa,15184049,Claudina.Clarissa@college.harvard.edu,1
Marylou,Loeb,19469043,Marylou.Loeb@college.harvard.edu,1
Dulce,Carey,13061838,Dulce.Carey@college.harvard.edu,1
Sara-Ann,Gregrory,13244934,Sara-Ann.Gregrory@college.harvard.edu,1
Belinda,Clara,13595490,Belinda.Clara@college.harvard.edu,1
Gianina,Wu,12880517,Gianina.Wu@college.harvard.edu,1
Agathe,Teryn,14948498,Agathe.Teryn@college.harvard.edu,1
Aurelie,Cookie,11399472,Aurelie.Cookie@college.harvard.edu,1
Cecile,Hutchison,11435244,Cecile.Hutchison@college.harvard.edu,1
Darlleen,Garbe,13157058,Darlleen.Garbe@college.harvard.edu,1
Nanete,Knowling,14484916,Nanete.Knowling@college.harvard.edu,1
Sophia,Justinn,19294813,Sophia.Justinn@college.harvard.edu,1
Blinni,Strephon,13206825,Blinni.Strephon@college.harvard.edu,1
Rubie,Juan,12579933,Rubie.Juan@college.harvard.edu,1
Lucy,Brenn,10052457,Lucy.Brenn@college.harvard.edu,1
Zondra,Chauncey,18287341,Zondra.Chauncey@college.harvard.edu,1
Jasmina,Monk,10551394,Jasmina.Monk@college.harvard.edu,1
Chrystel,Noam,13872643,Chrystel.Noam@college.harvard.edu,1
Fredericka,Bartlett,13291701,Fredericka.Bartlett@college.harvard.edu,1
Rosanne,Amethist,10610282,Rosanne.Amethist@college.harvard.edu,1
Therine,Ezar,10098113,Therine.Ezar@college.harvard.edu,1
Esmeralda,Ammann,10726172,Esmeralda.Ammann@college.harvard.edu,1
Estell,Roscoe,11583296,Estell.Roscoe@college.harvard.edu,1
Starla,Corilla,13798613,Starla.Corilla@college.harvard.edu,1
Felice,Bivins,15529454,Felice.Bivins@college.harvard.edu,1
Jessamyn,Norvol,13093153,Jessamyn.Norvol@college.harvard.edu,1
Darci,Dorine,15480212,Darci.Dorine@college.harvard.edu,1
Susan,Tamsky,10741571,Susan.Tamsky@college.harvard.edu,1
Dania,Tremayne,11465485,Dania.Tremayne@college.harvard.edu,1
Elmira,Helve,12044802,Elmira.Helve@college.harvard.edu,1
Marika,Kannry,17441113,Marika.Kannry@college.harvard.edu,1
Corly,Harl,12833842,Corly.Harl@college.harvard.edu,1
Audrie,Baptlsta,14111226,Audrie.Baptlsta@college.harvard.edu,1
Abbie,Mich,11327673,Abbie.Mich@college.harvard.edu,1
Ursulina,Charmine,17843792,Ursulina.Charmine@college.harvard.edu,1
Dagmar,Ralfston,12534837,Dagmar.Ralfston@college.harvard.edu,1
Luci,Hartnett,14353282,Luci.Hartnett@college.harvard.edu,1
Rivalee,Dom,18569603,Rivalee.Dom@college.harvard.edu,1
Aurore,Martsen,18671855,Aurore.Martsen@college.harvard.edu,1
Marti,Orpah,12030548,Marti.Orpah@college.harvard.edu,1
Goldie,Sisile,14414869,Goldie.Sisile@college.harvard.edu,1
Etta,Girardo,13042891,Etta.Girardo@college.harvard.edu,1
Sheelagh,Adamsen,18459894,Sheelagh.Adamsen@college.harvard.edu,1
Suzette,Etom,18230466,Suzette.Etom@college.harvard.edu,1
Luci,Myrilla,18165262,Luci.Myrilla@college.harvard.edu,1
Annecorinne,Cecile,13506041,Annecorinne.Cecile@college.harvard.edu,1
Dolli,Euridice,14268919,Dolli.Euridice@college.harvard.edu,1
Jacquetta,McAdams,11054765,Jacquetta.McAdams@college.harvard.edu,1
