Hope,Quent,16435294,Hope.Quent@college.harvard.edu,2
Diena,Shama,13777228,Diena.Shama@college.harvard.edu,2
Chloris,Shaddock,14456015,Chloris.Shaddock@college.harvard.edu,2
Zondra,Cadmar,12486497,Zondra.Cadmar@college.harvard.edu,2
Yetty,Monaco,14071918,Yetty.Monaco@college.harvard.edu,2
Catrina,Persse,14686761,Catrina.Persse@college.harvard.edu,2
Beth,Roxanna,13130130,Beth.Roxanna@college.harvard.edu,2
Mathilda,Urania,19811224,Mathilda.Urania@college.harvard.edu,2
Merci,Louanna,14261672,Merci.Louanna@college.harvard.edu,2
Maridel,Madaih,10107444,Maridel.Madaih@college.harvard.edu,2
Devina,Holtz,14874114,Devina.Holtz@college.harvard.edu,2
Gertrud,Abbot,18844206,Gertrud.Abbot@college.harvard.edu,2
Fredericka,Grimbly,13591891,Fredericka.Grimbly@college.harvard.edu,2
Rochette,Genna,19958152,Rochette.Genna@college.harvard.edu,2
Misha,Tengdin,12095147,Misha.Tengdin@college.harvard.edu,2
Lacie,Hartnett,18592300,Lacie.Hartnett@college.harvard.edu,2
Sybille,Merriott,10431764,Sybille.Merriott@college.harvard.edu,2
Shauna,Docilla,15250156,Shauna.Docilla@college.harvard.edu,2
Tressa,Roscoe,18800777,Tressa.Roscoe@college.harvard.edu,2
Mady,Kunin,16516136,Mady.Kunin@college.harvard.edu,2
Sallie,Beebe,12166088,Sallie.Beebe@college.harvard.edu,2
Elyssa,Ferrell,14483367,Elyssa.Ferrell@college.harvard.edu,2
Adriana,McClimans,16487544,Adriana.McClimans@college.harvard.edu,2
Dotty,Dex,16624239,Dotty.Dex@college.harvard.edu,2
Roberta,Truc,10732636,Roberta.Truc@college.harvard.edu,2
Carol-Jean,Eno,15376129,Carol-Jean.Eno@college.harvard.edu,2
Silvana,McClimans,11514978,Silvana.McClimans@college.harvard.edu,2
Belva,Hylan,15664126,Belva.Hylan@college.harvard.edu,2
Kary,Valerio,17362838,Kary.Valerio@college.harvard.edu,2
Fayre,Dawkins,12600497,Fayre.Dawkins@college.harvard.edu,2
Loree,Damarra,17314349,Loree.Damarra@college.harvard.edu,2
Antonietta,Wenoa,14303360,Antonietta.Wenoa@college.harvard.edu,2
Lolita,Therine,11513216,Lolita.Therine@college.harvard.edu,2
Ardenia,Chobot,14627170,Ardenia.Chobot@college.harvard.edu,2
Julieta,Dash,12116605,Julieta.Dash@college.harvard.edu,2
Beverley,Wooster,12413095,Beverley.Wooster@college.harvard.edu,2
Nananne,O'Carroll,15923124,Nananne.O'Carroll@college.harvard.edu,2
Monika,Allare,16411504,Monika.Allare@college.harvard.edu,2
Adore,Cynar,13732698,Adore.Cynar@college.harvard.edu,2
Gloria,Amadas,12220298,Gloria.Amadas@college.harvard.edu,2
Winny,Gerge,16197304,Winny.Gerge@college.harvard.edu,2
Aimil,Constancy,10888866,Aimil.Constancy@college.harvard.edu,2
Romona,Gilbertson,19250888,Romona.Gilbertson@college.harvard.edu,2
Lacie,Phyllis,18497809,Lacie.Phyllis@college.harvard.edu,2
Valli,Cath,18748627,Valli.Cath@college.harvard.edu,2
Sara-Ann,Kirbee,16507157,Sara-Ann.Kirbee@college.harvard.edu,2
Demetris,Janene,15971480,Demetris.Janene@college.harvard.edu,2
Therine,Durante,11377390,Therine.Durante@college.harvard.edu,2
Mady,Ferrell,13518774,Mady.Ferrell@college.harvard.edu,2
Vanessa,Ardra,15201110,Vanessa.Ardra@college.harvard.edu,2
Charlena,Redmond,10221543,Charlena.Redmond@college.harvard.edu,2
Lorenza,Koehler,18869543,Lorenza.Koehler@college.harvard.edu,2
Shaine,Meli,15484522,Shaine.Meli@college.harvard.edu,2
Dede,Vanni,11772048,Dede.Vanni@college.harvard.edu,2
Xylina,Even,13230029,Xylina.Even@college.harvard.edu,2
Sherrie,Brenn,18386637,Sherrie.Brenn@college.harvard.edu,2
Fred,Malina,11351426,Fred.Malina@college.harvard.edu,2
Romona,Merna,15036450,Romona.Merna@college.harvard.edu,2
Rani,Suk,18378409,Rani.Suk@college.harvard.edu,2
Berget,Zamora,16516619,Berget.Zamora@college.harvard.edu,2
Jenilee,Ammann,11561470,Jenilee.Ammann@college.harvard.edu,2
Cristine,Regan,17652493,Cristine.Regan@college.harvard.edu,2
Tracey,Auberbach,13068180,Tracey.Auberbach@college.harvard.edu,2
Merry,Nerita,11348526,Merry.Nerita@college.harvard.edu,2
Edith,Olnee,18043093,Edith.Olnee@college.harvard.edu,2
Fina,Hull,16052461,Fina.Hull@college.harvard.edu,2
Margalo,Bari,11217190,Margalo.Bari@college.harvard.edu,2
Ardys,Merna,11103500,Ardys.Merna@college.harvard.edu,2
Kayla,Kravits,11655959,Kayla.Kravits@college.harvard.edu,2
Olwen,Gualtiero,15683100,Olwen.Gualtiero@college.harvard.edu,2
Calla,Braun,13285924,Calla.Braun@college.harvard.edu,2
Babita,Sinegold,18677649,Babita.Sinegold@college.harvard.edu,2
Roz,Kendrick,14379726,Roz.Kendrick@college.harvard.edu,2
Elie,Braun,15852691,Elie.Braun@college.harvard.edu,2
Gerrie,Wesle,10902416,Gerrie.Wesle@college.harvard.edu,2
Marcelline,Orpah,12368583,Marcelline.Orpah@college.harvard.edu,2
Joelly,Leopold,19144283,Joelly.Leopold@college.harvard.edu,2
Latisha,Armanda,14740383,Latisha.Armanda@college.harvard.edu,2
Dari,Hutchison,11004374,Dari.Hutchison@college.harvard.edu,2
Claudina,Pauly,15098675,Claudina.Pauly@college.harvard.edu,2
Eugine,Eiser,16971890,Eugine.Eiser@college.harvard.edu,2
Sara-Ann,Stav,11821726,Sara-Ann.Stav@college.harvard.edu,2
Fanny,Screens,17319473,Fanny.Screens@college.harvard.edu,2
Carilyn,Evangelia,15437118,Carilyn.Evangelia@college.harvard.edu,2
Wileen,Donoghue,10603081,Wileen.Donoghue@college.harvard.edu,2
Gratia,Shanley,10885196,Gratia.Shanley@college.harvard.edu,2
Charlena,Merat,12169291,Charlena.Merat@college.harvard.edu,2
Daryl,Ophelia,14592898,Daryl.Ophelia@college.harvard.edu,2
Melanie,Harl,15691180,Melanie.Harl@college.harvard.edu,2
Nikki,Schonfeld,18809260,Nikki.Schonfeld@college.harvard.edu,2
Joceline,Ursulette,14689932,Joceline.Ursulette@college.harvard.edu,2
Benita,Ackerley,12274214,Benita.Ackerley@college.harvard.edu,2
Sabina,Arley,15914055,Sabina.Arley@college.harvard.edu,2
Concettina,Madaih,16193384,Concettina.Madaih@college.harvard.edu,2
Mary,Halla,16390221,Mary.Halla@college.harvard.edu,2
Katuscha,Greyson,13538431,Katuscha.Greyson@college.harvard.edu,2
Hyacinthe,Brian,15118067,Hyacinthe.Brian@college.harvard.edu,2
Bobinette,Nickola,14457328,Bobinette.Nickola@college.harvard.edu,2
Maryellen,Durante,14111756,Maryellen.Durante@college.harvard.edu,2
Elie,Winnick,16730800,Elie.Winnick@college.harvard.edu,2
Joceline,Egbert,14683955,Joceline.Egbert@college.harvard.edu,2
Collen,Ferrell,17057825,Collen.Ferrell@college.harvard.edu,2
Lilith,Zaslow,14792609,Lilith.Zaslow@college.harvard.edu,2
Joane,Hourigan,16156345,Joane.Hourigan@college.harvard.edu,2
Lanae,Naashom,13950144,Lanae.Naashom@college.harvard.edu,2
Estell,Birdella,15393495,Estell.Birdella@college.harvard.edu,2
Danika,Ochs,10456197,Danika.Ochs@college.harvard.edu,2
Danny,McGrody,10636581,Danny.McGrody@college.harvard.edu,2
Frieda,Ellord,19423141,Frieda.Ellord@college.harvard.edu,2
Kassey,Regan,17587880,Kassey.Regan@college.harvard.edu,2
Orelia,Drisko,10410477,Orelia.Drisko@college.harvard.edu,2
Kayla,Carmena,19670373,Kayla.Carmena@college.harvard.edu,2
Laure,Gillan,14893790,Laure.Gillan@college.harvard.edu,2
Nessie,Wilona,12736837,Nessie.Wilona@college.harvard.edu,2
Talya,Millda,18899979,Talya.Millda@college.harvard.edu,2
Fernande,Garlinda,14571916,Fernande.Garlinda@college.harvard.edu,2
Adele,Malina,16872005,Adele.Malina@college.harvard.edu,2
Briney,Fairweather,19201081,Briney.Fairweather@college.harvard.edu,2
Raina,Sadowski,11116451,Raina.Sadowski@college.harvard.edu,2
Rosabelle,Ortrude,10842716,Rosabelle.Ortrude@college.harvard.edu,2
Thalia,Hull,12070102,Thalia.Hull@college.harvard.edu,2
Hannis,Sprage,18680394,Hannis.Sprage@college.harvard.edu,2
Alleen,Norvol,11985200,Alleen.Norvol@college.harvard.edu,2
Clary,Weinreb,13676235,Clary.Weinreb@college.harvard.edu,2
Trixi,Colp,13936750,Trixi.Colp@college.harvard.edu,2
Joy,Bethany,14229598,Joy.Bethany@college.harvard.edu,2
Addia,Jacobah,15984284,Addia.Jacobah@college.harvard.edu,2
Lauryn,Timon,11998883,Lauryn.Timon@college.harvard.edu,2
Merle,Goerke,18805793,Merle.Goerke@college.harvard.edu,2
Yetty,Hortensia,11908593,Yetty.Hortensia@college.harvard.edu,2
Kerrin,Kylander,18893630,Kerrin.Kylander@college.harvard.edu,2
Raina,August,18986264,Raina.August@college.harvard.edu,2
Kamilah,Goerke,17125099,Kamilah.Goerke@college.harvard.edu,2
Sharlene,Alrich,15747058,Sharlene.Alrich@college.harvard.edu,2
Lucy,Pierette,11339895,Lucy.Pierette@college.harvard.edu,2
Tori,Garbe,10516444,Tori.Garbe@college.harvard.edu,2
Keelia,Berard,16932321,Keelia.Berard@college.harvard.edu,2
Corry,Solitta,14119834,Corry.Solitta@college.harvard.edu,2
Tersina,Ade,14298315,Tersina.Ade@college.harvard.edu,2
Bernie,Dannye,16610758,Bernie.Dannye@college.harvard.edu,2
Jan,Gaynor,14060128,Jan.Gaynor@college.harvard.edu,2
Korrie,Pond,19067980,Korrie.Pond@college.harvard.edu,2
Sara-Ann,Wittie,19478760,Sara-Ann.Wittie@college.harvard.edu,2
Ulrike,Toffic,19841973,Ulrike.Toffic@college.harvard.edu,2
Blake,Mendez,11792955,Blake.Mendez@college.harvard.edu,2
Nyssa,Ovid,16125984,Nyssa.Ovid@college.harvard.edu,2
Daune,Torray,10765583,Daune.Torray@college.harvard.edu,2
Kaja,Shaver,18065087,Kaja.Shaver@college.harvard.edu,2
Britte,Greenwald,15592959,Britte.Greenwald@college.harvard.edu,2
Catrina,Honoria,10506474,Catrina.Honoria@college.harvard.edu,2
Dorene,Solitta,16469142,Dorene.Solitta@college.harvard.edu,2
Evaleen,Ashely,15240424,Evaleen.Ashely@college.harvard.edu,2
Mara,Clarissa,16264437,Mara.Clarissa@college.harvard.edu,2
Aaren,Torray,12031783,Aaren.Torray@college.harvard.edu,2
Loree,Ingra,18682611,Loree.Ingra@college.harvard.edu,2
Maisey,Torray,15268100,Maisey.Torray@college.harvard.edu,2
Adore,Ferrell,14330046,Adore.Ferrell@college.harvard.edu,2
Celene,Flita,14264948,Celene.Flita@college.harvard.edu,2
Sara-Ann,Granoff,15624180,Sara-Ann.Granoff@college.harvard.edu,2
Barbara,Izaak,11720047,Barbara.Izaak@college.harvard.edu,2
Bobinette,Gale,16366790,Bobinette.Gale@college.harvard.edu,2
Aeriela,Colbert,16741827,Aeriela.Colbert@college.harvard.edu,2
Pollyanna,Paton,15252559,Pollyanna.Paton@college.harvard.edu,2
Britni,Tybald,10439068,Britni.Tybald@college.harvard.edu,2
Clarice,Joli,12851512,Clarice.Joli@college.harvard.edu,2
Latisha,Even,18843429,Latisha.Even@college.harvard.edu,2
Mathilda,Japeth,19845330,Mathilda.Japeth@college.harvard.edu,2
Merrie,Ivens,17807279,Merrie.Ivens@college.harvard.edu,2
Ayn,Yuille,14836415,Ayn.Yuille@college.harvard.edu,2
Anica,Redmond,16156205,Anica.Redmond@college.harvard.edu,2
Jeanna,Gordon,18251154,Jeanna.Gordon@college.harvard.edu,2
