Oona,Swigart,16076420,Oona.Swigart@college.harvard.edu,3
Moyna,Dorothy,12556187,Moyna.Dorothy@college.harvard.edu,3
Lolita,Harday,18802346,Lolita.Harday@college.harvard.edu,3
Celestyna,Annice,16236203,Celestyna.Annice@college.harvard.edu,3
Bibby,Toor,12441773,Bibby.Toor@college.harvard.edu,3
Natka,Zenas,17293652,Natka.Zenas@college.harvard.edu,3
Gilligan,Yusuk,10995865,Gilligan.Yusuk@college.harvard.edu,3
Nollie,Soneson,11577153,Nollie.Soneson@college.harvard.edu,3
Priscilla,Vale,13265824,Priscilla.Vale@college.harvard.edu,3
Priscilla,Blisse,17187246,Priscilla.Blisse@college.harvard.edu,3
Vinita,Tristram,17439041,Vinita.Tristram@college.harvard.edu,3
Ayn,Tjon,11108293,Ayn.Tjon@college.harvard.edu,3
Kittie,Seumas,17227745,Kittie.Seumas@college.harvard.edu,3
Tabbatha,Nore,18599543,Tabbatha.Nore@college.harvard.edu,3
Bertine,Newell,19032590,Bertine.Newell@college.harvard.edu,3
Estell,Swanhildas,15322491,Estell.Swanhildas@college.harvard.edu,3
Bibby,Lissi,16096602,Bibby.Lissi@college.harvard.edu,3
Valeda,Fiester,14512673,Valeda.Fiester@college.harvard.edu,3
Lanae,Arley,18467116,Lanae.Arley@college.harvard.edu,3
Evita,Vary,14410079,Evita.Vary@college.harvard.edu,3
Iseabal,Bashemeth,17926064,Iseabal.Bashemeth@college.harvard.edu,3
Riannon,Redmond,19596885,Riannon.Redmond@college.harvard.edu,3
Vere,Mitzi,15866728,Vere.Mitzi@college.harvard.edu,3
Binny,Medrek,17630510,Binny.Medrek@college.harvard.edu,3
Raina,Jammal,13224952,Raina.Jammal@college.harvard.edu,3
Doralynne,Baylor,14077800,Doralynne.Baylor@college.harvard.edu,3
Caressa,Granoff,10940599,Caressa.Granoff@college.harvard.edu,3
Millie,Johanna,14217321,Millie.Johanna@college.harvard.edu,3
Almeta,Erich,15984018,Almeta.Erich@college.harvard.edu,3
Linet,Brian,13502166,Linet.Brian@college.harvard.edu,3
Shandie,Kaete,12267475,Shandie.Kaete@college.harvard.edu,3
Tersina,Maisey,18234618,Tersina.Maisey@college.harvard.edu,3
Merry,Meli,19293136,Merry.Meli@college.harvard.edu,3
Sharlene,Carolin,12191886,Sharlene.Carolin@college.harvard.edu,3
Clarice,Constancy,18401177,Clarice.Constancy@college.harvard.edu,3
Kalina,Byrne,16172206,Kalina.Byrne@college.harvard.edu,3
Darlleen,Alcott,19099571,Darlleen.Alcott@college.harvard.edu,3
June,Nisbet,14808539,June.Nisbet@college.harvard.edu,3
Ginnie,Shelba,17277163,Ginnie.Shelba@college.harvard.edu,3
Vere,Gibbeon,19183260,Vere.Gibbeon@college.harvard.edu,3
Frank,Riordan,18399516,Frank.Riordan@college.harvard.edu,3
Valera,Rooney,13314483,Valera.Rooney@college.harvard.edu,3
Annabela,Rodmann,17433332,Annabela.Rodmann@college.harvard.edu,3
Corina,Corrine,15181216,Corina.Corrine@college.harvard.edu,3
Sherrie,Delila,16543911,Sherrie.Delila@college.harvard.edu,3
Ursulina,Konyn,17700701,Ursulina.Konyn@college.harvard.edu,3
Roberta,Vary,19231132,Roberta.Vary@college.harvard.edu,3
Rosene,Harriman,18270990,Rosene.Harriman@college.harvard.edu,3
Odessa,Oster,19803879,Odessa.Oster@college.harvard.edu,3
Elbertina,Whiffen,16091423,Elbertina.Whiffen@college.harvard.edu,3
Marita,Milson,19499614,Marita.Milson@college.harvard.edu,3
Tersina,Haerr,14226515,Tersina.Haerr@college.harvard.edu,3
Ethel,Pozzy,19426730,Ethel.Pozzy@college.harvard.edu,3
Maisey,Cosenza,18204275,Maisey.Cosenza@college.harvard.edu,3
Lanna,Ax,12109866,Lanna.Ax@college.harvard.edu,3
Paulita,Alejoa,13375162,Paulita.Alejoa@college.harvard.edu,3
Nelle,Toffic,19817961,Nelle.Toffic@college.harvard.edu,3
Cordi,Dielu,12974748,Cordi.Dielu@college.harvard.edu,3
Tabbatha,Dreda,18799150,Tabbatha.Dreda@college.harvard.edu,3
Annecorinne,Hutchison,13738498,Annecorinne.Hutchison@college.harvard.edu,3
Arabel,O'Rourke,18821432,Arabel.O'Rourke@college.harvard.edu,3
Audrie,Carvey,11480963,Audrie.Carvey@college.harvard.edu,3
Libbie,Aurelio,17477745,Libbie.Aurelio@college.harvard.edu,3
Helsa,Haymes,17757959,Helsa.Haymes@college.harvard.edu,3
Marika,Stanwood,13383841,Marika.Stanwood@college.harvard.edu,3
Elise,Brenn,19168815,Elise.Brenn@college.harvard.edu,3
Kathy,Lea,11961180,Kathy.Lea@college.harvard.edu,3
Bettine,Ashok,18828673,Bettine.Ashok@college.harvard.edu,3
Kial,Eugenia,14817356,Kial.Eugenia@college.harvard.edu,3
Sabina,Carmena,18244992,Sabina.Carmena@college.harvard.edu,3
Kristan,Jorgan,14820315,Kristan.Jorgan@college.harvard.edu,3
Latisha,Gaal,13773440,Latisha.Gaal@college.harvard.edu,3
Orelia,Byrne,17973940,Orelia.Byrne@college.harvard.edu,3
Jolyn,Avi,17367646,Jolyn.Avi@college.harvard.edu,3
Joleen,Valerio,15063695,Joleen.Valerio@college.harvard.edu,3
Nannie,Guthrie,10524332,Nannie.Guthrie@college.harvard.edu,3
Clarice,Ackerley,11203148,Clarice.Ackerley@college.harvard.edu,3
Hyacinthe,Mallon,14916847,Hyacinthe.Mallon@college.harvard.edu,3
Justinn,Marisa,18463184,Justinn.Marisa@college.harvard.edu,3
Gaylene,Duwalt,13838628,Gaylene.Duwalt@college.harvard.edu,3
Ricky,Florina,14441717,Ricky.Florina@college.harvard.edu,3
Gilligan,Atonsah,11926715,Gilligan.Atonsah@college.harvard.edu,3
Diena,Raama,17544865,Diena.Raama@college.harvard.edu,3
Andree,Vittoria,15564574,Andree.Vittoria@college.harvard.edu,3
Jsandye,Cristi,14216275,Jsandye.Cristi@college.harvard.edu,3
Lusa,Billye,17658135,Lusa.Billye@college.harvard.edu,3
Stevana,Lauraine,17552406,Stevana.Lauraine@college.harvard.edu,3
Brana,Morrill,15793104,Brana.Morrill@college.harvard.edu,3
Steffane,Lacombe,13376740,Steffane.Lacombe@college.harvard.edu,3
Kittie,Michella,11674186,Kittie.Michella@college.harvard.edu,3
Konstance,Berl,10749924,Konstance.Berl@college.harvard.edu,3
Johna,Eiser,14713629,Johna.Eiser@college.harvard.edu,3
Riannon,Stanwood,10024217,Riannon.Stanwood@college.harvard.edu,3
Karina,Serilda,11976006,Karina.Serilda@college.harvard.edu,3
Gabriellia,Dyche,17931888,Gabriellia.Dyche@college.harvard.edu,3
Hyacinthe,Drus,14118264,Hyacinthe.Drus@college.harvard.edu,3
Robinia,Federica,13736039,Robinia.Federica@college.harvard.edu,3
Imojean,Moina,12683453,Imojean.Moina@college.harvard.edu,3
Angela,Felizio,14256304,Angela.Felizio@college.harvard.edu,3
Larine,Ardra,12884046,Larine.Ardra@college.harvard.edu,3
Shauna,Goldina,18670050,Shauna.Goldina@college.harvard.edu,3
Deane,Valoniah,17786692,Deane.Valoniah@college.harvard.edu,3
Lila,Blake,11701579,Lila.Blake@college.harvard.edu,3
Paule,Nunci,13114505,Paule.Nunci@college.harvard.edu,3
Darlleen,Lytton,12014499,Darlleen.Lytton@college.harvard.edu,3
Aili,Berl,14282080,Aili.Berl@college.harvard.edu,3
Alleen,Dex,18465298,Alleen.Dex@college.harvard.edu,3
Larine,Valerio,19586179,Larine.Valerio@college.harvard.edu,3
Karly,Whittaker,17377043,Karly.Whittaker@college.harvard.edu,3
Shaylyn,Astra,15744819,Shaylyn.Astra@college.harvard.edu,3
Lonnie,Vernier,18588606,Lonnie.Vernier@college.harvard.edu,3
Kassey,Tybald,12263091,Kassey.Tybald@college.harvard.edu,3
Pollyanna,Holtz,18808323,Pollyanna.Holtz@college.harvard.edu,3
Demetris,Grosz,16722374,Demetris.Grosz@college.harvard.edu,3
Catrina,Hartnett,13896696,Catrina.Hartnett@college.harvard.edu,3
Amalie,Lucienne,16143977,Amalie.Lucienne@college.harvard.edu,3
Aaren,Ashely,12020784,Aaren.Ashely@college.harvard.edu,3
Ana,Burch,11064056,Ana.Burch@college.harvard.edu,3
Vonny,Ackerley,17664827,Vonny.Ackerley@college.harvard.edu,3
Maud,Elsinore,18453581,Maud.Elsinore@college.harvard.edu,3
Emmey,Cleo,12925065,Emmey.Cleo@college.harvard.edu,3
Layla,Moina,15473801,Layla.Moina@college.harvard.edu,3
Corry,Strephon,10939633,Corry.Strephon@college.harvard.edu,3
Brooks,Creamer,19351121,Brooks.Creamer@college.harvard.edu,3
Helena,Pauly,10952914,Helena.Pauly@college.harvard.edu,3
Caryl,Rustice,16521803,Caryl.Rustice@college.harvard.edu,3
Concettina,Klemperer,19145181,Concettina.Klemperer@college.harvard.edu,3
Glynnis,Alrich,16101525,Glynnis.Alrich@college.harvard.edu,3
Aigneis,Michella,19558498,Aigneis.Michella@college.harvard.edu,3
Cindelyn,Pelagias,16266769,Cindelyn.Pelagias@college.harvard.edu,3
Marnia,Fosque,16460668,Marnia.Fosque@college.harvard.edu,3
Ursulina,Deny,13606343,Ursulina.Deny@college.harvard.edu,3
Alia,Audly,11579133,Alia.Audly@college.harvard.edu,3
Jan,Elsinore,18874845,Jan.Elsinore@college.harvard.edu,3
Fredericka,Clara,15308749,Fredericka.Clara@college.harvard.edu,3
Larine,Wolfgram,13603911,Larine.Wolfgram@college.harvard.edu,3
Alejandra,Goldina,14849367,Alejandra.Goldina@college.harvard.edu,3
Deirdre,Chrystel,18986651,Deirdre.Chrystel@college.harvard.edu,3
Kore,Freddi,19662289,Kore.Freddi@college.harvard.edu,3
Frank,Kathie,16862194,Frank.Kathie@college.harvard.edu,3
Tera,McLaughlin,11154176,Tera.McLaughlin@college.harvard.edu,3
Robinia,Larochelle,16935466,Robinia.Larochelle@college.harvard.edu,3
Courtnay,Johnsson,19747366,Courtnay.Johnsson@college.harvard.edu,3
Elyssa,Zuzana,16973517,Elyssa.Zuzana@college.harvard.edu,3
Julieta,Remmer,10462950,Julieta.Remmer@college.harvard.edu,3
Jobi,Creamer,18169826,Jobi.Creamer@college.harvard.edu,3
Adelle,Nea,13071744,Adelle.Nea@college.harvard.edu,3
Monika,Gilbertson,17032612,Monika.Gilbertson@college.harvard.edu,3
Orsola,Genna,17089264,Orsola.Genna@college.harvard.edu,3
Kalina,Carlson,19727831,Kalina.Carlson@college.harvard.edu,3
Deane,Faria,18144500,Deane.Faria@college.harvard.edu,3
