Carolina,Ummersen,12399079,Carolina.Ummersen@college.harvard.edu,4
Bertine,Merell,19533403,Bertine.Merell@college.harvard.edu,4
Pierette,Hutchison,16577108,Pierette.Hutchison@college.harvard.edu,4
Phedra,Lia,11868072,Phedra.Lia@college.harvard.edu,4
Asia,Demitria,19103295,Asia.Demitria@college.harvard.edu,4
Isa,Suanne,10263083,Isa.Suanne@college.harvard.edu,4
Judy,Kiersten,14471867,Judy.Kiersten@college.harvard.edu,4
Charlena,Buffum,11578825,Charlena.Buffum@college.harvard.edu,4
Tobe,Emmy,18787384,Tobe.Emmy@college.harvard.edu,4
Annecorinne,Jerald,14448714,Annecorinne.Jerald@college.harvard.edu,4
Elfreda,Jethro,16322570,Elfreda.Jethro@college.harvard.edu,4
Shandie,Wu,19974709,Shandie.Wu@college.harvard.edu,4
Ivett,Marcellus,16350342,Ivett.Marcellus@college.harvard.edu,4
Nicoli,Rugen,11798238,Nicoli.Rugen@college.harvard.edu,4
Aigneis,Zeeba,15499848,Aigneis.Zeeba@college.harvard.edu,4
Glenda,Carmena,16836397,Glenda.Carmena@college.harvard.edu,4
Olivette,Sprage,12803689,Olivette.Sprage@college.harvard.edu,4
Bettine,Norrie,19658917,Bettine.Norrie@college.harvard.edu,4
Jasmina,Ader,14429841,Jasmina.Ader@college.harvard.edu,4
Benita,Joli,10084672,Benita.Joli@college.harvard.edu,4
Jaclyn,Ioab,12898682,Jaclyn.Ioab@college.harvard.edu,4
Ellette,Ellord,17926648,Ellette.Ellord@college.harvard.edu,4
Vevay,Sancho,15364919,Vevay.Sancho@college.harvard.edu,4
Rosanne,Graig,13501056,Rosanne.Graig@college.harvard.edu,4
Mady,Larochelle,14035179,Mady.Larochelle@college.harvard.edu,4
Gilda,Gillan,14094779,Gilda.Gillan@college.harvard.edu,4
Lesly,Serilda,14253166,Lesly.Serilda@college.harvard.edu,4
Amalie,Alabaster,16930954,Amalie.Alabaster@college.harvard.edu,4
Tracey,Hartnett,12769868,Tracey.Hartnett@college.harvard.edu,4
Claresta,Nahum,10315953,Claresta.Nahum@college.harvard.edu,4
Teddie,Anestassia,13867822,Teddie.Anestassia@college.harvard.edu,4
Ida,Shuler,19521623,Ida.Shuler@college.harvard.edu,4
Dale,Blake,19847603,Dale.Blake@college.harvard.edu,4
Lacie,Velick,16440009,Lacie.Velick@college.harvard.edu,4
Ida,Linehan,18798588,Ida.Linehan@college.harvard.edu,4
Wilma,Kamaria,14830012,Wilma.Kamaria@college.harvard.edu,4
Carmencita,Mullane,10923218,Carmencita.Mullane@college.harvard.edu,4
Gerrie,Taam,12137298,Gerrie.Taam@college.harvard.edu,4
Consuela,Haerr,13072923,Consuela.Haerr@college.harvard.edu,4
Ann-Marie,Sherfield,12584791,Ann-Marie.Sherfield@college.harvard.edu,4
Aeriela,Lanita,12740103,Aeriela.Lanita@college.harvard.edu,4
Nelle,Behre,16448122,Nelle.Behre@college.harvard.edu,4
Millie,Tound,10802903,Millie.Tound@college.harvard.edu,4
Aeriela,Tannie,13806999,Aeriela.Tannie@college.harvard.edu,4
Meg,Alice,16445431,Meg.Alice@college.harvard.edu,4
Dulce,Hoban,16394788,Dulce.Hoban@college.harvard.edu,4
Susan,Vittoria,13986225,Susan.Vittoria@college.harvard.edu,4
Cathie,Stover,10070624,Cathie.Stover@college.harvard.edu,4
Marita,Linehan,19612251,Marita.Linehan@college.harvard.edu,4
Claudina,Durware,18346597,Claudina.Durware@college.harvard.edu,4
Nadine,Kosey,17956930,Nadine.Kosey@college.harvard.edu,4
Dari,Paton,15473564,Dari.Paton@college.harvard.edu,4
Emma,Braun,16996166,Emma.Braun@college.harvard.edu,4
Maud,Faust,16110589,Maud.Faust@college.harvard.edu,4
Emilia,Lipson,14973202,Emilia.Lipson@college.harvard.edu,4
Mariann,Ellord,19579544,Mariann.Ellord@college.harvard.edu,4
Jenilee,Huggins,11353279,Jenilee.Huggins@college.harvard.edu,4
Penelopa,Honoria,15128348,Penelopa.Honoria@college.harvard.edu,4
Elie,Dearborn,15995500,Elie.Dearborn@college.harvard.edu,4
Monika,Gilbertson,11513013,Monika.Gilbertson@college.harvard.edu,4
Blondelle,Solitta,14477644,Blondelle.Solitta@college.harvard.edu,4
Fina,Brandice,16502184,Fina.Brandice@college.harvard.edu,4
Roberta,Quinn,10382448,Roberta.Quinn@college.harvard.edu,4
Elvira,Trace,18261690,Elvira.Trace@college.harvard.edu,4
Karena,Yoko,16626949,Karena.Yoko@college.harvard.edu,4
Lesly,Anastatius,12162096,Lesly.Anastatius@college.harvard.edu,4
Sindee,Holbrook,15918406,Sindee.Holbrook@college.harvard.edu,4
Sybille,Regan,12826053,Sybille.Regan@college.harvard.edu,4
Reeba,Oscar,10822005,Reeba.Oscar@college.harvard.edu,4
Gertrud,Erminia,16255096,Gertrud.Erminia@college.harvard.edu,4
Sheree,Ezar,18273460,Sheree.Ezar@college.harvard.edu,4
Steffane,Munn,15506558,Steffane.Munn@college.harvard.edu,4
Teddie,Maribeth,16391554,Teddie.Maribeth@college.harvard.edu,4
Nita,Millda,17507062,Nita.Millda@college.harvard.edu,4
Kaia,Cimbura,14289169,Kaia.Cimbura@college.harvard.edu,4
Britni,Morgun,16091293,Britni.Morgun@college.harvard.edu,4
Cecile,Thornburg,12951429,Cecile.Thornburg@college.harvard.edu,4
Shaylyn,Glovsky,16495897,Shaylyn.Glovsky@college.harvard.edu,4
Ebonee,Greyson,16236809,Ebonee.Greyson@college.harvard.edu,4
Ronna,Catie,14828999,Ronna.Catie@college.harvard.edu,4
Antonietta,Lissi,18580384,Antonietta.Lissi@college.harvard.edu,4
Ellette,Smitt,17830000,Ellette.Smitt@college.harvard.edu,4
Bertine,Carbo,10304187,Bertine.Carbo@college.harvard.edu,4
Gertrud,Shields,17950352,Gertrud.Shields@college.harvard.edu,4
Marcy,Anis,14014954,Marcy.Anis@college.harvard.edu,4
Maud,Martguerita,10975542,Maud.Martguerita@college.harvard.edu,4
Shel,Moseley,18572227,Shel.Moseley@college.harvard.edu,4
Maisey,Lacombe,13605710,Maisey.Lacombe@college.harvard.edu,4
Jacenta,Brittani,12443962,Jacenta.Brittani@college.harvard.edu,4
Hermione,Virgin,15598950,Hermione.Virgin@college.harvard.edu,4
Tomasina,Hoban,15333981,Tomasina.Hoban@college.harvard.edu,4
Ofilia,Taima,18968969,Ofilia.Taima@college.harvard.edu,4
Ulrike,Kenwood,18096180,Ulrike.Kenwood@college.harvard.edu,4
Gabi,Nicoline,14732082,Gabi.Nicoline@college.harvard.edu,4
Celene,Dearborn,19991874,Celene.Dearborn@college.harvard.edu,4
Corina,Egbert,18200203,Corina.Egbert@college.harvard.edu,4
Merrie,Sprage,19758014,Merrie.Sprage@college.harvard.edu,4
Emelina,McAdams,10858543,Emelina.McAdams@college.harvard.edu,4
Gavrielle,Rustice,16139691,Gavrielle.Rustice@college.harvard.edu,4
Lorne,Jorgan,12556706,Lorne.Jorgan@college.harvard.edu,4
Beatriz,Lindemann,19333096,Beatriz.Lindemann@college.harvard.edu,4
Orelia,Lutero,14764404,Orelia.Lutero@college.harvard.edu,4
Dania,Casimir,14115304,Dania.Casimir@college.harvard.edu,4
Patricia,Garek,16825995,Patricia.Garek@college.harvard.edu,4
Anica,Gordon,12432567,Anica.Gordon@college.harvard.edu,4
Steffane,Brenn,16886831,Steffane.Brenn@college.harvard.edu,4
Nicoli,Baudin,17305866,Nicoli.Baudin@college.harvard.edu,4
Madeleine,Fairweather,11482559,Madeleine.Fairweather@college.harvard.edu,4
Sharlene,Adalbert,15917034,Sharlene.Adalbert@college.harvard.edu,4
Hermione,Garek,18831561,Hermione.Garek@college.harvard.edu,4
Karina,Bennie,17742510,Karina.Bennie@college.harvard.edu,4
Joleen,Dahlia,19618259,Joleen.Dahlia@college.harvard.edu,4
Genevra,Tice,19054888,Genevra.Tice@college.harvard.edu,4
Rosanne,Ajay,16461573,Rosanne.Ajay@college.harvard.edu,4
Margette,Elisha,18854868,Margette.Elisha@college.harvard.edu,4
Jsandye,Alisia,10783625,Jsandye.Alisia@college.harvard.edu,4
Susan,Granoff,18586304,Susan.Granoff@college.harvard.edu,4
Alia,Garek,16672357,Alia.Garek@college.harvard.edu,4
Norine,Glovsky,18162089,Norine.Glovsky@college.harvard.edu,4
Merle,Justinn,18652311,Merle.Justinn@college.harvard.edu,4
Feliza,Ursulette,16147570,Feliza.Ursulette@college.harvard.edu,4
Gianina,Mitzi,12312524,Gianina.Mitzi@college.harvard.edu,4
Aimil,LaRue,13801988,Aimil.LaRue@college.harvard.edu,4
Doro,Gilmour,17614378,Doro.Gilmour@college.harvard.edu,4
Candy,Merell,10452067,Candy.Merell@college.harvard.edu,4
Lusa,Linskey,18582240,Lusa.Linskey@college.harvard.edu,4
Taffy,Maryanne,14927666,Taffy.Maryanne@college.harvard.edu,4
Kylynn,Plato,18464685,Kylynn.Plato@college.harvard.edu,4
Kore,Elisha,18360260,Kore.Elisha@college.harvard.edu,4
Jennica,Richers,15184506,Jennica.Richers@college.harvard.edu,4
Kylynn,Vins,16391868,Kylynn.Vins@college.harvard.edu,4
Jessamyn,Jacobah,11089890,Jessamyn.Jacobah@college.harvard.edu,4
Ottilie,Johnsson,19616157,Ottilie.Johnsson@college.harvard.edu,4
Lindie,Zenas,11854362,Lindie.Zenas@college.harvard.edu,4
Lynnea,Margarete,12792989,Lynnea.Margarete@college.harvard.edu,4
Dacia,Uund,13834833,Dacia.Uund@college.harvard.edu,4
Carly,Cohdwell,19467576,Carly.Cohdwell@college.harvard.edu,4
Eolanda,Leler,10657803,Eolanda.Leler@college.harvard.edu,4
Annabela,Tound,12690522,Annabela.Tound@college.harvard.edu,4
Chloris,Boycey,10505139,Chloris.Boycey@college.harvard.edu,4
Nollie,Felizio,10647116,Nollie.Felizio@college.harvard.edu,4
Desirae,Travax,14312803,Desirae.Travax@college.harvard.edu,4
Ilse,Rona,12708712,Ilse.Rona@college.harvard.edu,4
Stephanie,Kravits,11417888,Stephanie.Kravits@college.harvard.edu,4
Camile,Brodench,13484826,Camile.Brodench@college.harvard.edu,4
Andree,Halla,14029177,Andree.Halla@college.harvard.edu,4
Laurene,Lamoree,19857961,Laurene.Lamoree@college.harvard.edu,4
Roz,Kalinda,13162195,Roz.Kalinda@college.harvard.edu,4
Bernardine,Erminia,19143104,Bernardine.Erminia@college.harvard.edu,4
Gerianna,My,12329350,Gerianna.My@college.harvard.edu,4
Marinna,Lubin,19679778,Marinna.Lubin@college.harvard.edu,4
Nyssa,Longfellow,16028266,Nyssa.Longfellow@college.harvard.edu,4
Cherilyn,Egbert,11969863,Cherilyn.Egbert@college.harvard.edu,4
Kittie,Taima,12266700,Kittie.Taima@college.harvard.edu,4
Emmey,Rona,15608509,Emmey.Rona@college.harvard.edu,4
Ardeen,Nedrud,11702187,Ardeen.Nedrud@college.harvard.edu,4
Charlena,Curren,14208326,Charlena.Curren@college.harvard.edu,4
Joy,Dielu,16119039,Joy.Dielu@college.harvard.edu,4
Carly,Danby,19758688,Carly.Danby@college.harvard.edu,4
Ileana,Eno,15411773,Ileana.Eno@college.harvard.edu,4
Ingrid,Eachern,12490247,Ingrid.Eachern@college.harvard.edu,4
Paulita,Felizio,12402678,Paulita.Felizio@college.harvard.edu,4
Marguerite,Ardeha,19849461,Marguerite.Ardeha@college.harvard.edu,4
Atlanta,Ax,12834470,Atlanta.Ax@college.harvard.edu,4
