Madeleine,Stilwell,13502774,Madeleine.Stilwell@college.harvard.edu,5
Chrystel,Borrell,16164885,Chrystel.Borrell@college.harvard.edu,5
Elyssa,Wu,12316153,Elyssa.Wu@college.harvard.edu,5
Keelia,Ricki,11961947,Keelia.Ricki@college.harvard.edu,5
Barbara,Love,13075253,Barbara.Love@college.harvard.edu,5
Mureil,McLaughlin,16406290,Mureil.McLaughlin@college.harvard.edu,5
Barbi,Fabiola,17888309,Barbi.Fabiola@college.harvard.edu,5
Morganica,Atcliffe,18171957,Morganica.Atcliffe@college.harvard.edu,5
Belva,Wenoa,13029453,Belva.Wenoa@college.harvard.edu,5
Joane,Bouchard,15634642,Joane.Bouchard@college.harvard.edu,5
Ronna,Waldron,17957371,Ronna.Waldron@college.harvard.edu,5
Misha,Cristi,12765233,Misha.Cristi@college.harvard.edu,5
Tersina,Roscoe,10434851,Tersina.Roscoe@college.harvard.edu,5
Elsie,Quinn,10763714,Elsie.Quinn@college.harvard.edu,5
Siana,Valoniah,10971840,Siana.Valoniah@college.harvard.edu,5
Roseline,Belanger,13040203,Roseline.Belanger@college.harvard.edu,5
Sara-Ann,Leopold,14818968,Sara-Ann.Leopold@college.harvard.edu,5
Cristabel,Shields,11557985,Cristabel.Shields@college.harvard.edu,5
Jere,Rogerio,13250942,Jere.Rogerio@college.harvard.edu,5
Laurene,Zenas,16077152,Laurene.Zenas@college.harvard.edu,5
Nickie,Tatianas,10386375,Nickie.Tatianas@college.harvard.edu,5
Blondelle,Fink,12658378,Blondelle.Fink@college.harvard.edu,5
Teriann,Sancho,15442589,Teriann.Sancho@college.harvard.edu,5
Althea,Ingra,14546027,Althea.Ingra@college.harvard.edu,5
Gwenneth,Pacorro,16307471,Gwenneth.Pacorro@college.harvard.edu,5
Viki,Dahlia,14758454,Viki.Dahlia@college.harvard.edu,5
Bibby,Halsey,19785346,Bibby.Halsey@college.harvard.edu,5
Keelia,Cordi,19066481,Keelia.Cordi@college.harvard.edu,5
Belinda,Iiette,13087109,Belinda.Iiette@college.harvard.edu,5
Minne,Thornburg,10037617,Minne.Thornburg@college.harvard.edu,5
Tori,Emmaline,14764368,Tori.Emmaline@college.harvard.edu,5
Selia,Llovera,14302923,Selia.Llovera@college.harvard.edu,5
Thalia,Atonsah,13035523,Thalia.Atonsah@college.harvard.edu,5
Marti,Slifka,12227793,Marti.Slifka@college.harvard.edu,5
Deane,Malvino,15124670,Deane.Malvino@college.harvard.edu,5
Reeba,Anyah,13425993,Reeba.Anyah@college.harvard.edu,5
Renie,Heisel,15944090,Renie.Heisel@college.harvard.edu,5
Luci,Corabella,17742824,Luci.Corabella@college.harvard.edu,5
Aimil,Tacye,15221282,Aimil.Tacye@college.harvard.edu,5
Krystle,Vins,16731455,Krystle.Vins@college.harvard.edu,5
Beatriz,Helve,10348066,Beatriz.Helve@college.harvard.edu,5
Blake,Fredi,12897689,Blake.Fredi@college.harvard.edu,5
Georgina,Norrie,16152376,Georgina.Norrie@college.harvard.edu,5
Mallory,Bandeen,16165052,Mallory.Bandeen@college.harvard.edu,5
Farrah,Kronfeld,13465275,Farrah.Kronfeld@college.harvard.edu,5
Minne,Melan,18978146,Minne.Melan@college.harvard.edu,5
Allyce,Melony,14607204,Allyce.Melony@college.harvard.edu,5
Florencia,Marlie,11345702,Florencia.Marlie@college.harvard.edu,5
Daphne,Eliathas,13658434,Daphne.Eliathas@college.harvard.edu,5
Agathe,Janith,15193473,Agathe.Janith@college.harvard.edu,5
Molli,Orpah,15713449,Molli.Orpah@college.harvard.edu,5
Kelly,Larochelle,13560035,Kelly.Larochelle@college.harvard.edu,5
Sissy,Anestassia,10159636,Sissy.Anestassia@college.harvard.edu,5
Charissa,Celestine,19960389,Charissa.Celestine@college.harvard.edu,5
Marinna,Parette,16140510,Marinna.Parette@college.harvard.edu,5
Ketti,Tiffa,15469152,Ketti.Tiffa@college.harvard.edu,5
Gilligan,Hanshaw,14960727,Gilligan.Hanshaw@college.harvard.edu,5
Cindelyn,Ferrell,18675179,Cindelyn.Ferrell@college.harvard.edu,5
Etta,Bord,14688086,Etta.Bord@college.harvard.edu,5
Suzette,Dulciana,19649206,Suzette.Dulciana@college.harvard.edu,5
Ivett,Genna,12257334,Ivett.Genna@college.harvard.edu,5
Annice,Mintz,13473108,Annice.Mintz@college.harvard.edu,5
Kaja,Raimondo,13394970,Kaja.Raimondo@college.harvard.edu,5
Sabina,Greyson,17067573,Sabina.Greyson@college.harvard.edu,5
Corry,Mich,12513879,Corry.Mich@college.harvard.edu,5
Shell,Willie,14701557,Shell.Willie@college.harvard.edu,5
Ermengarde,Justinn,18096914,Ermengarde.Justinn@college.harvard.edu,5
Averyl,Wind,10748159,Averyl.Wind@college.harvard.edu,5
Natka,Federica,18199273,Natka.Federica@college.harvard.edu,5
Bobbi,Therine,10313819,Bobbi.Therine@college.harvard.edu,5
Chrystel,Colyer,11636294,Chrystel.Colyer@college.harvard.edu,5
Harrietta,Belanger,18810351,Harrietta.Belanger@college.harvard.edu,5
Maisey,Olin,17580574,Maisey.Olin@college.harvard.edu,5
Louella,Madox,16677976,Louella.Madox@college.harvard.edu,5
Leia,Peg,10541191,Leia.Peg@college.harvard.edu,5
Ketti,Ingra,17136288,Ketti.Ingra@college.harvard.edu,5
Monika,Lia,17700227,Monika.Lia@college.harvard.edu,5
Caritta,Fulmer,10041186,Caritta.Fulmer@college.harvard.edu,5
Leontine,Othilia,15282868,Leontine.Othilia@college.harvard.edu,5
Stacey,Han,11834426,Stacey.Han@college.harvard.edu,5
Patricia,Noelyn,19160884,Patricia.Noelyn@college.harvard.edu,5
Harrietta,Ursulette,14247405,Harrietta.Ursulette@college.harvard.edu,5
Antonietta,Naor,10356185,Antonietta.Naor@college.harvard.edu,5
Carol-Jean,Niccolo,11071543,Carol-Jean.Niccolo@college.harvard.edu,5
Sindee,Merat,19030500,Sindee.Merat@college.harvard.edu,5
Max,Stefa,11386392,Max.Stefa@college.harvard.edu,5
Stephanie,Moseley,13231539,Stephanie.Moseley@college.harvard.edu,5
Rosabelle,Virgin,19883934,Rosabelle.Virgin@college.harvard.edu,5
Katuscha,Jefferey,12413018,Katuscha.Jefferey@college.harvard.edu,5
Betta,Naashom,19879757,Betta.Naashom@college.harvard.edu,5
Susette,Yusuk,10166544,Susette.Yusuk@college.harvard.edu,5
Briney,Trace,13702123,Briney.Trace@college.harvard.edu,5
Annora,Luhe,15735964,Annora.Luhe@college.harvard.edu,5
Nananne,Gabrielli,19970181,Nananne.Gabrielli@college.harvard.edu,5
Moyna,Suanne,12365512,Moyna.Suanne@college.harvard.edu,5
Raf,Amadas,17915051,Raf.Amadas@college.harvard.edu,5
Janis,Chandler,13382744,Janis.Chandler@college.harvard.edu,5
Lulita,Oster,16701249,Lulita.Oster@college.harvard.edu,5
Eolanda,Fairweather,12960197,Eolanda.Fairweather@college.harvard.edu,5
Bibby,Lowry,14671785,Bibby.Lowry@college.harvard.edu,5
Aigneis,Hessler,15059379,Aigneis.Hessler@college.harvard.edu,5
Fanchon,Hurley,10431961,Fanchon.Hurley@college.harvard.edu,5
Melisent,Montgomery,18277128,Melisent.Montgomery@college.harvard.edu,5
Melanie,Seagraves,13293637,Melanie.Seagraves@college.harvard.edu,5
Grier,Artie,12204827,Grier.Artie@college.harvard.edu,5
Cecile,Magnolia,18239892,Cecile.Magnolia@college.harvard.edu,5
Kristan,Lilas,11749421,Kristan.Lilas@college.harvard.edu,5
Larine,Thornburg,12280773,Larine.Thornburg@college.harvard.edu,5
Letizia,Carlson,12333137,Letizia.Carlson@college.harvard.edu,5
Grier,Denis,15402532,Grier.Denis@college.harvard.edu,5
Kore,Dreda,11901674,Kore.Dreda@college.harvard.edu,5
Patricia,Katrine,16383270,Patricia.Katrine@college.harvard.edu,5
Kellen,Myrilla,17178720,Kellen.Myrilla@college.harvard.edu,5
Clementine,Kolnick,17224003,Clementine.Kolnick@college.harvard.edu,5
Violet,Means,17766129,Violet.Means@college.harvard.edu,5
Ezmeralda,Emerson,11661316,Ezmeralda.Emerson@college.harvard.edu,5
Marita,Gino,16725395,Marita.Gino@college.harvard.edu,5
Etta,Guthrie,16163483,Etta.Guthrie@college.harvard.edu,5
Aurore,Sothena,11939434,Aurore.Sothena@college.harvard.edu,5
Jsandye,Syd,10605116,Jsandye.Syd@college.harvard.edu,5
Tani,Campball,14923327,Tani.Campball@college.harvard.edu,5
Hollie,Publia,13455091,Hollie.Publia@college.harvard.edu,5
Violet,Fabiola,14152715,Violet.Fabiola@college.harvard.edu,5
Kial,Cadmar,17749962,Kial.Cadmar@college.harvard.edu,5
Valli,Stav,15742963,Valli.Stav@college.harvard.edu,5
Max,Medrek,17823830,Max.Medrek@college.harvard.edu,5
Lexine,Cassius,14042287,Lexine.Cassius@college.harvard.edu,5
Berget,Garek,15716707,Berget.Garek@college.harvard.edu,5
Gertrud,Manolo,16416056,Gertrud.Manolo@college.harvard.edu,5
Steffane,Joni,18353683,Steffane.Joni@college.harvard.edu,5
Amalie,Deegan,17367873,Amalie.Deegan@college.harvard.edu,5
Janey,Anselmi,11096319,Janey.Anselmi@college.harvard.edu,5
Adele,Teddman,12892207,Adele.Teddman@college.harvard.edu,5
Dode,Jarib,13718637,Dode.Jarib@college.harvard.edu,5
Corene,Thomasina,13351823,Corene.Thomasina@college.harvard.edu,5
Steffane,Cassius,18739767,Steffane.Cassius@college.harvard.edu,5
Lorie,Brandice,16256693,Lorie.Brandice@college.harvard.edu,5
Jemie,Timon,14390692,Jemie.Timon@college.harvard.edu,5
Cherilyn,Lesley,10192776,Cherilyn.Lesley@college.harvard.edu,5
Henriette,Carlson,17471568,Henriette.Carlson@college.harvard.edu,5
Barbara,Henrie,19278933,Barbara.Henrie@college.harvard.edu,5
Patricia,Jess,18736899,Patricia.Jess@college.harvard.edu,5
Asia,Orlene,10170163,Asia.Orlene@college.harvard.edu,5
Demetris,Knowling,15704164,Demetris.Knowling@college.harvard.edu,5
Helena,Land,15106524,Helena.Land@college.harvard.edu,5
Gerianna,Ehrman,13809131,Gerianna.Ehrman@college.harvard.edu,5
Laure,Tayib,13439816,Laure.Tayib@college.harvard.edu,5
Lily,Wolfgram,10299445,Lily.Wolfgram@college.harvard.edu,5
Siana,Hermes,18178860,Siana.Hermes@college.harvard.edu,5
Kimberley,Wenda,14275515,Kimberley.Wenda@college.harvard.edu,5
Tabbatha,Bigner,11666164,Tabbatha.Bigner@college.harvard.edu,5
Joeann,Brunell,19862260,Joeann.Brunell@college.harvard.edu,5
Carolina,Wadell,19549229,Carolina.Wadell@college.harvard.edu,5
Janenna,Nickola,16179366,Janenna.Nickola@college.harvard.edu,5
Maye,Tufts,18398005,Maye.Tufts@college.harvard.edu,5
Dede,Bevin,12076755,Dede.Bevin@college.harvard.edu,5
Esmeralda,Geffner,10847135,Esmeralda.Geffner@college.harvard.edu,5
Brynna,Wesle,15661423,Brynna.Wesle@college.harvard.edu,5
Claresta,Monaco,10359657,Claresta.Monaco@college.harvard.edu,5
Dorice,Boycey,17692558,Dorice.Boycey@college.harvard.edu,5
Elora,Kussell,14592414,Elora.Kussell@college.harvard.edu,5
Raina,Rosette,10080534,Raina.Rosette@college.harvard.edu,5
Kelly,Anyah,18523066,Kelly.Anyah@college.harvard.edu,5
Riannon,Joseph,12507673,Riannon.Joseph@college.harvard.edu,5
Olivette,Aldric,17357122,Olivette.Aldric@college.harvard.edu,5
Lauryn,Jalbert,15950162,Lauryn.Jalbert@college.harvard.edu,5
Vanessa,Tayib,13596624,Vanessa.Tayib@college.harvard.edu,5
Christal,Buttaro,19420308,Christal.Buttaro@college.harvard.edu,5
Alexine,Torray,10784623,Alexine.Torray@college.harvard.edu,5
Larine,Evangelia,14956814,Larine.Evangelia@college.harvard.edu,5
Christy,Ellord,13411966,Christy.Ellord@college.harvard.edu,5
Veda,Angelis,17373645,Veda.Angelis@college.harvard.edu,5
Charissa,Delila,11952173,Charissa.Delila@college.harvard.edu,5
Winny,Weitman,13543075,Winny.Weitman@college.harvard.edu,5
Roxane,Weinreb,13658477,Roxane.Weinreb@college.harvard.edu,5
Odessa,Stelle,19016935,Odessa.Stelle@college.harvard.edu,5
Brietta,Norrie,18432003,Brietta.Norrie@college.harvard.edu,5
Dotty,Saunderson,13108660,Dotty.Saunderson@college.harvard.edu,5
Elvira,Sophronia,10448144,Elvira.Sophronia@college.harvard.edu,5
Audrie,Jess,19660083,Audrie.Jess@college.harvard.edu,5
Zondra,Helve,15060069,Zondra.Helve@college.harvard.edu,5
Olivette,Rooney,12858263,Olivette.Rooney@college.harvard.edu,5
Lynea,Nikaniki,13410137,Lynea.Nikaniki@college.harvard.edu,5
Annora,Nicoline,11662200,Annora.Nicoline@college.harvard.edu,5
Dawn,Stilwell,17553201,Dawn.Stilwell@college.harvard.edu,5
Marti,Maisey,17171855,Marti.Maisey@college.harvard.edu,5
Justinn,Papageno,13205422,Justinn.Papageno@college.harvard.edu,5
Wilma,Justinn,10037489,Wilma.Justinn@college.harvard.edu,5
Ursulina,Belanger,18234916,Ursulina.Belanger@college.harvard.edu,5
Maurene,Reneta,15341215,Maurene.Reneta@college.harvard.edu,5
Farrah,Ariella,18022796,Farrah.Ariella@college.harvard.edu,5
Kristan,Newell,19604869,Kristan.Newell@college.harvard.edu,5
Cathie,Bettine,12998855,Cathie.Bettine@college.harvard.edu,5
Phylis,Koehler,16551520,Phylis.Koehler@college.harvard.edu,5
Ariela,Robertson,14099607,Ariela.Robertson@college.harvard.edu,5
Talya,Ciapas,10195951,Talya.Ciapas@college.harvard.edu,5
Joelly,Isacco,15612284,Joelly.Isacco@college.harvard.edu,5
Elka,Haldas,10629376,Elka.Haldas@college.harvard.edu,5
Liana,Lissi,13911474,Liana.Lissi@college.harvard.edu,5
Nikki,Bobbee,16133910,Nikki.Bobbee@college.harvard.edu,5
Heida,Colleen,11451119,Heida.Colleen@college.harvard.edu,5
Kary,Hurley,19259148,Kary.Hurley@college.harvard.edu,5
Nicoli,Sholley,17218018,Nicoli.Sholley@college.harvard.edu,5
Gretal,Muriel,17593926,Gretal.Muriel@college.harvard.edu,5
