Priscilla,Geffner,14666772,Priscilla.Geffner@college.harvard.edu,6
Evita,Whittaker,16942112,Evita.Whittaker@college.harvard.edu,6
Gale,Hermes,10553554,Gale.Hermes@college.harvard.edu,6
Maud,Thema,19209764,Maud.Thema@college.harvard.edu,6
Lauryn,Tamsky,14140421,Lauryn.Tamsky@college.harvard.edu,6
Winny,Markman,12461674,Winny.Markman@college.harvard.edu,6
Jeanna,Isidore,16935372,Jeanna.Isidore@college.harvard.edu,6
Dorene,Jalbert,17402190,Dorene.Jalbert@college.harvard.edu,6
Yolane,Thomasina,13353635,Yolane.Thomasina@college.harvard.edu,6
Agathe,Maribeth,10512634,Agathe.Maribeth@college.harvard.edu,6
Daune,Lewes,13258951,Daune.Lewes@college.harvard.edu,6
Marti,Flyn,15811996,Marti.Flyn@college.harvard.edu,6
Clarice,Kellby,15104822,Clarice.Kellby@college.harvard.edu,6
Allis,Glenden,18548650,Allis.Glenden@college.harvard.edu,6
Nerta,Maroney,14711834,Nerta.Maroney@college.harvard.edu,6
Averyl,Fredi,10926797,Averyl.Fredi@college.harvard.edu,6
Ruthe,Dannye,17566782,Ruthe.Dannye@college.harvard.edu,6
Devina,Fontana,15837609,Devina.Fontana@college.harvard.edu,6
Michaelina,Decato,16556965,Michaelina.Decato@college.harvard.edu,6
Cissiee,Emmy,12260660,Cissiee.Emmy@college.harvard.edu,6
Ezmeralda,Lindemann,19575575,Ezmeralda.Lindemann@college.harvard.edu,6
Frieda,O'Rourke,17981599,Frieda.O'Rourke@college.harvard.edu,6
Siana,Soneson,17998677,Siana.Soneson@college.harvard.edu,6
Susette,Elephus,15826857,Susette.Elephus@college.harvard.edu,6
Angela,Harned,16145536,Angela.Harned@college.harvard.edu,6
Shell,Elvyn,18673040,Shell.Elvyn@college.harvard.edu,6
Anallese,Goth,17927182,Anallese.Goth@college.harvard.edu,6
Hildegaard,Dearborn,16787469,Hildegaard.Dearborn@college.harvard.edu,6
Zaria,Hollingsworth,18200710,Zaria.Hollingsworth@college.harvard.edu,6
Patricia,Alejoa,16214403,Patricia.Alejoa@college.harvard.edu,6
Malina,Hessler,19374064,Malina.Hessler@college.harvard.edu,6
Joleen,Madelene,18827190,Joleen.Madelene@college.harvard.edu,6
Jessy,Rodmann,11879077,Jessy.Rodmann@college.harvard.edu,6
Marjie,Johanna,16153602,Marjie.Johanna@college.harvard.edu,6
Miquela,Koziara,17633129,Miquela.Koziara@college.harvard.edu,6
Cyndie,Flita,14725651,Cyndie.Flita@college.harvard.edu,6
Rori,Hebner,19289418,Rori.Hebner@college.harvard.edu,6
Bertine,Viddah,15471520,Bertine.Viddah@college.harvard.edu,6
Atlanta,Mauer,12565564,Atlanta.Mauer@college.harvard.edu,6
Ashlee,Rurik,15452212,Ashlee.Rurik@college.harvard.edu,6
Dede,Reinke,16737716,Dede.Reinke@college.harvard.edu,6
Darlleen,Reidar,19734836,Darlleen.Reidar@college.harvard.edu,6
Lita,Jalbert,16737782,Lita.Jalbert@college.harvard.edu,6
Esmeralda,Swanhildas,18090887,Esmeralda.Swanhildas@college.harvard.edu,6
Vanessa,Ogren,10174272,Vanessa.Ogren@college.harvard.edu,6
Kaja,Carbo,10160444,Kaja.Carbo@college.harvard.edu,6
Laure,Oscar,12525371,Laure.Oscar@college.harvard.edu,6
Kial,Mott,15236360,Kial.Mott@college.harvard.edu,6
Siana,Ciapas,16454736,Siana.Ciapas@college.harvard.edu,6
Jessy,Andrel,12427820,Jessy.Andrel@college.harvard.edu,6
Alie,Berne,11844463,Alie.Berne@college.harvard.edu,6
Lily,Peti,18072190,Lily.Peti@college.harvard.edu,6
Lulita,Maisey,16774006,Lulita.Maisey@college.harvard.edu,6
Mathilda,McLaughlin,18552273,Mathilda.McLaughlin@college.harvard.edu,6
Petronia,Euridice,13842596,Petronia.Euridice@college.harvard.edu,6
Aubrie,Bergman,16604704,Aubrie.Bergman@college.harvard.edu,6
Shandie,Shanley,19498550,Shandie.Shanley@college.harvard.edu,6
Tiffie,Lacombe,11269300,Tiffie.Lacombe@college.harvard.edu,6
Roz,Pattin,16693374,Roz.Pattin@college.harvard.edu,6
Pamella,LaRue,16359178,Pamella.LaRue@college.harvard.edu,6
Tamqrah,Sawtelle,19692961,Tamqrah.Sawtelle@college.harvard.edu,6
Cherilyn,Baudin,16532284,Cherilyn.Baudin@college.harvard.edu,6
Joy,Niccolo,11570154,Joy.Niccolo@college.harvard.edu,6
Rhoda,Kronfeld,17953085,Rhoda.Kronfeld@college.harvard.edu,6
Leontine,Aaberg,13067083,Leontine.Aaberg@college.harvard.edu,6
Cissiee,Tomasina,11967282,Cissiee.Tomasina@college.harvard.edu,6
Nollie,Magnolia,10407725,Nollie.Magnolia@college.harvard.edu,6
Courtnay,Maribeth,17165659,Courtnay.Maribeth@college.harvard.edu,6
Correy,Xerxes,13107323,Correy.Xerxes@college.harvard.edu,6
Winifred,Lucienne,11379553,Winifred.Lucienne@college.harvard.edu,6
Konstance,Saree,14549180,Konstance.Saree@college.harvard.edu,6
Gabi,Rhu,18198334,Gabi.Rhu@college.harvard.edu,6
Constance,Evangelia,11416501,Constance.Evangelia@college.harvard.edu,6
Lexine,Schroth,12373036,Lexine.Schroth@college.harvard.edu,6
Mamie,Lumbard,15109809,Mamie.Lumbard@college.harvard.edu,6
Marylou,Infield,19490021,Marylou.Infield@college.harvard.edu,6
Viviene,Mallon,15424002,Viviene.Mallon@college.harvard.edu,6
Cherrita,Callista,13697669,Cherrita.Callista@college.harvard.edu,6
Maud,Raseda,12772023,Maud.Raseda@college.harvard.edu,6
Almeta,Clara,15707621,Almeta.Clara@college.harvard.edu,6
Frances,Virgin,13053425,Frances.Virgin@college.harvard.edu,6
Albertina,Greenwald,12251500,Albertina.Greenwald@college.harvard.edu,6
Britni,Ambrosia,16687023,Britni.Ambrosia@college.harvard.edu,6
Heida,Ummersen,14631515,Heida.Ummersen@college.harvard.edu,6
Ariela,Pyle,10042545,Ariela.Pyle@college.harvard.edu,6
Verla,Slifka,14567629,Verla.Slifka@college.harvard.edu,6
Willetta,Rolf,14855118,Willetta.Rolf@college.harvard.edu,6
Estell,Magdalen,11074940,Estell.Magdalen@college.harvard.edu,6
Lonnie,Jorgan,13010571,Lonnie.Jorgan@college.harvard.edu,6
Aurore,Luhe,11083662,Aurore.Luhe@college.harvard.edu,6
Rayna,Fillbert,13150470,Rayna.Fillbert@college.harvard.edu,6
Damaris,Brunell,16201584,Damaris.Brunell@college.harvard.edu,6
Kirbee,Lenny,17133221,Kirbee.Lenny@college.harvard.edu,6
Max,Means,14199348,Max.Means@college.harvard.edu,6
Blondelle,Lymann,15242351,Blondelle.Lymann@college.harvard.edu,6
Gavrielle,Giff,10002596,Gavrielle.Giff@college.harvard.edu,6
Demetris,Maurine,15852741,Demetris.Maurine@college.harvard.edu,6
Ariela,Burnside,13938255,Ariela.Burnside@college.harvard.edu,6
Sidoney,Madelene,16140860,Sidoney.Madelene@college.harvard.edu,6
Tobe,Hillel,17592243,Tobe.Hillel@college.harvard.edu,6
Gale,Shirberg,12853832,Gale.Shirberg@college.harvard.edu,6
Gretal,Lenny,12676749,Gretal.Lenny@college.harvard.edu,6
Max,Wilkinson,17436077,Max.Wilkinson@college.harvard.edu,6
Vita,Winnick,13969592,Vita.Winnick@college.harvard.edu,6
Asia,Tamsky,17979892,Asia.Tamsky@college.harvard.edu,6
Katharina,Eugenia,17461239,Katharina.Eugenia@college.harvard.edu,6
Drucie,Longfellow,17019998,Drucie.Longfellow@college.harvard.edu,6
Belinda,Burnside,18589792,Belinda.Burnside@college.harvard.edu,6
Gretal,Berne,12116363,Gretal.Berne@college.harvard.edu,6
Violet,Ursulette,10169386,Violet.Ursulette@college.harvard.edu,6
Dulce,Vernier,16509370,Dulce.Vernier@college.harvard.edu,6
Laurene,Christine,13292895,Laurene.Christine@college.harvard.edu,6
Veda,Abbot,17930039,Veda.Abbot@college.harvard.edu,6
Alisha,Gordon,10221779,Alisha.Gordon@college.harvard.edu,6
Isa,Goerke,12822033,Isa.Goerke@college.harvard.edu,6
Andree,Vernier,10832310,Andree.Vernier@college.harvard.edu,6
Merrie,Chaing,16311936,Merrie.Chaing@college.harvard.edu,6
Gale,Yorick,15923521,Gale.Yorick@college.harvard.edu,6
Caritta,Adamsen,19690657,Caritta.Adamsen@college.harvard.edu,6
Joleen,Halsey,14862378,Joleen.Halsey@college.harvard.edu,6
Melisent,Dichy,19512084,Melisent.Dichy@college.harvard.edu,6
Gwenneth,Oneida,17942029,Gwenneth.Oneida@college.harvard.edu,6
Paulita,Prouty,15145770,Paulita.Prouty@college.harvard.edu,6
Fernande,August,19752000,Fernande.August@college.harvard.edu,6
Frieda,Ardeha,10260823,Frieda.Ardeha@college.harvard.edu,6
Jessamyn,Juan,16352586,Jessamyn.Juan@college.harvard.edu,6
Bobbi,Mendez,11782836,Bobbi.Mendez@college.harvard.edu,6
Karina,Macey,11006938,Karina.Macey@college.harvard.edu,6
Amara,Ephrem,12069554,Amara.Ephrem@college.harvard.edu,6
Shaine,Elephus,19476943,Shaine.Elephus@college.harvard.edu,6
Dari,Demitria,10003659,Dari.Demitria@college.harvard.edu,6
Alie,Vanni,16326680,Alie.Vanni@college.harvard.edu,6
Suzette,Cleavland,15899060,Suzette.Cleavland@college.harvard.edu,6
Meriel,Howlyn,11602393,Meriel.Howlyn@college.harvard.edu,6
Andree,Leary,18442680,Andree.Leary@college.harvard.edu,6
Sophia,Ajay,19047058,Sophia.Ajay@college.harvard.edu,6
Kimberley,Newell,12425127,Kimberley.Newell@college.harvard.edu,6
Laure,Hazlett,15521727,Laure.Hazlett@college.harvard.edu,6
Sean,Remmer,10100627,Sean.Remmer@college.harvard.edu,6
Edith,Yate,13452644,Edith.Yate@college.harvard.edu,6
Britni,Ailyn,12534872,Britni.Ailyn@college.harvard.edu,6
Eve,Verger,17284534,Eve.Verger@college.harvard.edu,6
Brena,Greyson,19163972,Brena.Greyson@college.harvard.edu,6
Ruthe,Malvino,10021515,Ruthe.Malvino@college.harvard.edu,6
Ginnie,Gunn,15626505,Ginnie.Gunn@college.harvard.edu,6
Ida,Wilkinson,17300062,Ida.Wilkinson@college.harvard.edu,6
Iseabal,Land,15815392,Iseabal.Land@college.harvard.edu,6
Brietta,Allina,19861051,Brietta.Allina@college.harvard.edu,6
Talya,Heisel,15024268,Talya.Heisel@college.harvard.edu,6
Etta,Darbie,10556917,Etta.Darbie@college.harvard.edu,6
Concettina,Bohlin,13186776,Concettina.Bohlin@college.harvard.edu,6
Lynde,Judye,13912241,Lynde.Judye@college.harvard.edu,6
Margette,Boehike,17049726,Margette.Boehike@college.harvard.edu,6
Gretal,Carvey,12341371,Gretal.Carvey@college.harvard.edu,6
Desirae,Sholley,19475426,Desirae.Sholley@college.harvard.edu,6
