Deirdre,Khorma,11100518,Deirdre.Khorma@college.harvard.edu,7
Sue,Oneida,16223298,Sue.Oneida@college.harvard.edu,7
Jaclyn,Flita,18705071,Jaclyn.Flita@college.harvard.edu,7
Heida,Izaak,13942697,Heida.Izaak@college.harvard.edu,7
Melina,Elsinore,13761016,Melina.Elsinore@college.harvard.edu,7
Ethel,Hartnett,11383680,Ethel.Hartnett@college.harvard.edu,7
Kaia,Cavan,19395700,Kaia.Cavan@college.harvard.edu,7
Eve,Guthrie,14490284,Eve.Guthrie@college.harvard.edu,7
Jennica,Kiersten,15651397,Jennica.Kiersten@college.harvard.edu,7
Kassey,Screens,16344805,Kassey.Screens@college.harvard.edu,7
Sheree,Plato,16102308,Sheree.Plato@college.harvard.edu,7
Sophia,Lasley,14992235,Sophia.Lasley@college.harvard.edu,7
Nickie,Suk,14479374,Nickie.Suk@college.harvard.edu,7
Myriam,Sinegold,15041739,Myriam.Sinegold@college.harvard.edu,7
Willetta,Lay,10596364,Willetta.Lay@college.harvard.edu,7
Jsandye,Tamar,18483554,Jsandye.Tamar@college.harvard.edu,7
Raf,Sprage,15721990,Raf.Sprage@college.harvard.edu,7
Giustina,Zrike,10243008,Giustina.Zrike@college.harvard.edu,7
Rosanne,Pierette,14774090,Rosanne.Pierette@college.harvard.edu,7
Kaja,Mike,15552390,Kaja.Mike@college.harvard.edu,7
Lorenza,Dearborn,18290415,Lorenza.Dearborn@college.harvard.edu,7
Jobi,Gusella,15831002,Jobi.Gusella@college.harvard.edu,7
Jerry,Adamsen,13635100,Jerry.Adamsen@college.harvard.edu,7
Merle,Ioab,19055556,Merle.Ioab@college.harvard.edu,7
Jan,Killigrew,12211147,Jan.Killigrew@college.harvard.edu,7
Laure,Aloise,13243090,Laure.Aloise@college.harvard.edu,7
Clary,Stevy,14691987,Clary.Stevy@college.harvard.edu,7
Vonny,Behre,10551097,Vonny.Behre@college.harvard.edu,7
Rubie,Allare,17495367,Rubie.Allare@college.harvard.edu,7
Katleen,Norvol,16415829,Katleen.Norvol@college.harvard.edu,7
Briney,Hoban,17562479,Briney.Hoban@college.harvard.edu,7
Zsa Zsa,Lynn,17628953,Zsa Zsa.Lynn@college.harvard.edu,7
Nyssa,Lorain,11661745,Nyssa.Lorain@college.harvard.edu,7
Magdalena,Yate,16477699,Magdalena.Yate@college.harvard.edu,7
Jennica,Pettiford,11417817,Jennica.Pettiford@college.harvard.edu,7
Berta,Ade,13418125,Berta.Ade@college.harvard.edu,7
Teriann,Dorcy,17891433,Teriann.Dorcy@college.harvard.edu,7
Mathilda,Cosenza,13908008,Mathilda.Cosenza@college.harvard.edu,7
Lory,Kat,11308726,Lory.Kat@college.harvard.edu,7
Edyth,Nisbet,10370788,Edyth.Nisbet@college.harvard.edu,7
Heddie,Drus,14151283,Heddie.Drus@college.harvard.edu,7
Deedee,Dunkin,10220203,Deedee.Dunkin@college.harvard.edu,7
Rhea,Honoria,14749518,Rhea.Honoria@college.harvard.edu,7
Johna,Gunn,14787982,Johna.Gunn@college.harvard.edu,7
Jerry,Naor,11001071,Jerry.Naor@college.harvard.edu,7
Vivia,Marden,17397965,Vivia.Marden@college.harvard.edu,7
Flory,Raama,12275983,Flory.Raama@college.harvard.edu,7
Kathi,Urania,12496538,Kathi.Urania@college.harvard.edu,7
Aigneis,Bartlett,18616245,Aigneis.Bartlett@college.harvard.edu,7
Tatiania,Jacobah,11556886,Tatiania.Jacobah@college.harvard.edu,7
Kimmy,Erb,16700176,Kimmy.Erb@college.harvard.edu,7
Latisha,Aaberg,14259647,Latisha.Aaberg@college.harvard.edu,7
Jennica,Carleen,14124106,Jennica.Carleen@college.harvard.edu,7
Sadie,Morgun,14448844,Sadie.Morgun@college.harvard.edu,7
Marti,Garlinda,14768316,Marti.Garlinda@college.harvard.edu,7
Amelia,Westphal,18233684,Amelia.Westphal@college.harvard.edu,7
Sarette,Albertine,14845125,Sarette.Albertine@college.harvard.edu,7
Yolane,Modie,11562119,Yolane.Modie@college.harvard.edu,7
Raf,Strephon,10878788,Raf.Strephon@college.harvard.edu,7
Letizia,Hartnett,13329529,Letizia.Hartnett@college.harvard.edu,7
Felice,Suk,13357726,Felice.Suk@college.harvard.edu,7
Kary,Mozelle,16343712,Kary.Mozelle@college.harvard.edu,7
Roslyn,Wolfgram,18296515,Roslyn.Wolfgram@college.harvard.edu,7
Michaelina,Carri,19940444,Michaelina.Carri@college.harvard.edu,7
Rosene,Zaslow,16287104,Rosene.Zaslow@college.harvard.edu,7
Kore,Amadas,18950083,Kore.Amadas@college.harvard.edu,7
Atlanta,Arley,10870863,Atlanta.Arley@college.harvard.edu,7
Gabi,Eno,11189874,Gabi.Eno@college.harvard.edu,7
Corina,Podvin,13673860,Corina.Podvin@college.harvard.edu,7
Tabbatha,Drisko,18697548,Tabbatha.Drisko@college.harvard.edu,7
Lauryn,Malanie,15823237,Lauryn.Malanie@college.harvard.edu,7
Augustine,Bach,12695960,Augustine.Bach@college.harvard.edu,7
Inga,Carolin,15799566,Inga.Carolin@college.harvard.edu,7
Eugine,Cosenza,14807138,Eugine.Cosenza@college.harvard.edu,7
Ofilia,Llovera,11279515,Ofilia.Llovera@college.harvard.edu,7
Camile,Blake,13873764,Camile.Blake@college.harvard.edu,7
Cam,Isacco,14001758,Cam.Isacco@college.harvard.edu,7
Jeanna,Ovid,14674361,Jeanna.Ovid@college.harvard.edu,7
Basia,Helfand,14445768,Basia.Helfand@college.harvard.edu,7
Rivalee,Celestine,15722847,Rivalee.Celestine@college.harvard.edu,7
Jerry,Sophronia,11819896,Jerry.Sophronia@college.harvard.edu,7
Selia,Zaslow,12407592,Selia.Zaslow@college.harvard.edu,7
Danika,Stoller,13471182,Danika.Stoller@college.harvard.edu,7
Oona,Poppy,10759389,Oona.Poppy@college.harvard.edu,7
Elyssa,Joeann,15017882,Elyssa.Joeann@college.harvard.edu,7
Cherrita,Zuzana,11343879,Cherrita.Zuzana@college.harvard.edu,7
Elka,Chesna,19752647,Elka.Chesna@college.harvard.edu,7
Valli,Kolnick,17789823,Valli.Kolnick@college.harvard.edu,7
Melanie,Hirsch,11238922,Melanie.Hirsch@college.harvard.edu,7
Fernande,Joachim,16395052,Fernande.Joachim@college.harvard.edu,7
Almeta,Cullin,16172880,Almeta.Cullin@college.harvard.edu,7
Lilith,Fax,16841537,Lilith.Fax@college.harvard.edu,7
Kenna,Devlen,18048791,Kenna.Devlen@college.harvard.edu,7
Elsie,Wind,14918724,Elsie.Wind@college.harvard.edu,7
Sibella,Carleen,13830984,Sibella.Carleen@college.harvard.edu,7
Rosaline,Tiffa,16630925,Rosaline.Tiffa@college.harvard.edu,7
Orelia,Poppy,18048799,Orelia.Poppy@college.harvard.edu,7
Beverley,Rurik,13668533,Beverley.Rurik@college.harvard.edu,7
Rochette,Evangelia,11486913,Rochette.Evangelia@college.harvard.edu,7
Annora,Mauer,14008654,Annora.Mauer@college.harvard.edu,7
Reeba,Giule,10967953,Reeba.Giule@college.harvard.edu,7
Elka,Greyson,17937475,Elka.Greyson@college.harvard.edu,7
Nita,Hunfredo,19827136,Nita.Hunfredo@college.harvard.edu,7
Ursulina,Sandye,13713468,Ursulina.Sandye@college.harvard.edu,7
Roxane,Grimbly,19307861,Roxane.Grimbly@college.harvard.edu,7
Merci,Bevin,10506308,Merci.Bevin@college.harvard.edu,7
Nonnah,Faso,16693026,Nonnah.Faso@college.harvard.edu,7
Leona,Tatianas,18715331,Leona.Tatianas@college.harvard.edu,7
Carree,Goode,16940144,Carree.Goode@college.harvard.edu,7
Estell,Garek,12977403,Estell.Garek@college.harvard.edu,7
Robinia,Hoenack,10783596,Robinia.Hoenack@college.harvard.edu,7
Brooks,Clie,18343796,Brooks.Clie@college.harvard.edu,7
Mahalia,Margret,10723368,Mahalia.Margret@college.harvard.edu,7
Konstance,Delacourt,18649434,Konstance.Delacourt@college.harvard.edu,7
Demetris,Barrus,14167795,Demetris.Barrus@college.harvard.edu,7
Larine,Cleo,19399426,Larine.Cleo@college.harvard.edu,7
Georgetta,Dreda,15355707,Georgetta.Dreda@college.harvard.edu,7
Kate,Kannry,14745114,Kate.Kannry@college.harvard.edu,7
Konstance,MacIntosh,10379189,Konstance.MacIntosh@college.harvard.edu,7
Mureil,Ochs,11898412,Mureil.Ochs@college.harvard.edu,7
Jeanna,Sothena,12179921,Jeanna.Sothena@college.harvard.edu,7
Genevra,Hoban,10988421,Genevra.Hoban@college.harvard.edu,7
Gusty,Roche,13328560,Gusty.Roche@college.harvard.edu,7
Linzy,Salchunas,11655704,Linzy.Salchunas@college.harvard.edu,7
Hollie,Hanleigh,12978626,Hollie.Hanleigh@college.harvard.edu,7
Joelly,Fulmer,10615641,Joelly.Fulmer@college.harvard.edu,7
Keelia,Lytton,12320412,Keelia.Lytton@college.harvard.edu,7
Sara-Ann,Kress,11872771,Sara-Ann.Kress@college.harvard.edu,7
Binny,Ardra,18676033,Binny.Ardra@college.harvard.edu,7
Cacilie,Goerke,16907174,Cacilie.Goerke@college.harvard.edu,7
Dolli,Damarra,17576421,Dolli.Damarra@college.harvard.edu,7
Brana,Corilla,19971378,Brana.Corilla@college.harvard.edu,7
Winifred,Dyche,17844048,Winifred.Dyche@college.harvard.edu,7
Melodie,Natalia,10147953,Melodie.Natalia@college.harvard.edu,7
Trixi,Nickola,19310477,Trixi.Nickola@college.harvard.edu,7
Madalyn,Emanuel,19277610,Madalyn.Emanuel@college.harvard.edu,7
Sashenka,Voletta,19458733,Sashenka.Voletta@college.harvard.edu,7
Yvonne,Friede,12443357,Yvonne.Friede@college.harvard.edu,7
Maye,Urania,19791159,Maye.Urania@college.harvard.edu,7
Dulce,Burch,18908062,Dulce.Burch@college.harvard.edu,7
Giustina,Imelida,14146407,Giustina.Imelida@college.harvard.edu,7
Laure,Romelda,17000645,Laure.Romelda@college.harvard.edu,7
Tatiania,Lauraine,13852694,Tatiania.Lauraine@college.harvard.edu,7
Rosabelle,Hebner,18539959,Rosabelle.Hebner@college.harvard.edu,7
Therine,Radu,12583896,Therine.Radu@college.harvard.edu,7
Starla,Carri,17058857,Starla.Carri@college.harvard.edu,7
Myrtice,Leopold,14772626,Myrtice.Leopold@college.harvard.edu,7
Vivia,Bluh,10164273,Vivia.Bluh@college.harvard.edu,7
Blondelle,Stuart,12665888,Blondelle.Stuart@college.harvard.edu,7
Helena,Gert,13275436,Helena.Gert@college.harvard.edu,7
Ellette,Skurnik,17920533,Ellette.Skurnik@college.harvard.edu,7
Alie,Tybald,14250354,Alie.Tybald@college.harvard.edu,7
Leanna,Terencio,10279646,Leanna.Terencio@college.harvard.edu,7
Drucie,Abram,15790582,Drucie.Abram@college.harvard.edu,7
Konstance,Talia,18555352,Konstance.Talia@college.harvard.edu,7
Clarice,Philoo,14558528,Clarice.Philoo@college.harvard.edu,7
Rebeca,Cullin,14775995,Rebeca.Cullin@college.harvard.edu,7
Tybie,Elo,19894264,Tybie.Elo@college.harvard.edu,7
Emelina,Hachmin,18917186,Emelina.Hachmin@college.harvard.edu,7
Miquela,Keelia,13632942,Miquela.Keelia@college.harvard.edu,7
Mallory,Ajay,11476841,Mallory.Ajay@college.harvard.edu,7
Fawne,Sigfrid,11903270,Fawne.Sigfrid@college.harvard.edu,7
Ileana,Erlandson,17180867,Ileana.Erlandson@college.harvard.edu,7
Lynde,Olympium,11052779,Lynde.Olympium@college.harvard.edu,7
Jasmina,Joeann,17828548,Jasmina.Joeann@college.harvard.edu,7
Myriam,Cordi,15070777,Myriam.Cordi@college.harvard.edu,7
Betta,Wallis,13059662,Betta.Wallis@college.harvard.edu,7
Tilly,Raffo,14504872,Tilly.Raffo@college.harvard.edu,7
Fina,Hoban,19667123,Fina.Hoban@college.harvard.edu,7
Sidoney,Etom,11008621,Sidoney.Etom@college.harvard.edu,7
Bertine,Avi,15189854,Bertine.Avi@college.harvard.edu,7
Catrina,Adlare,14406501,Catrina.Adlare@college.harvard.edu,7
Lonnie,Blisse,14330413,Lonnie.Blisse@college.harvard.edu,7
Imojean,Rad,13287914,Imojean.Rad@college.harvard.edu,7
Gaylene,Chandler,12192844,Gaylene.Chandler@college.harvard.edu,7
Millie,Reidar,17097091,Millie.Reidar@college.harvard.edu,7
Gilda,Brieta,11581271,Gilda.Brieta@college.harvard.edu,7
