Fayre,Vorster,11185066,Fayre.Vorster@college.harvard.edu,8
Emmey,Boehike,19456940,Emmey.Boehike@college.harvard.edu,8
Alexine,Ackerley,14493600,Alexine.Ackerley@college.harvard.edu,8
Myriam,Jerold,11845800,Myriam.Jerold@college.harvard.edu,8
Fidelia,Cherianne,14073512,Fidelia.Cherianne@college.harvard.edu,8
Patricia,Schalles,11917293,Patricia.Schalles@college.harvard.edu,8
Brietta,Primalia,16916977,Brietta.Primalia@college.harvard.edu,8
Laurene,Daniele,19854135,Laurene.Daniele@college.harvard.edu,8
Kathi,Emmy,13607623,Kathi.Emmy@college.harvard.edu,8
Ethel,Ariella,13239167,Ethel.Ariella@college.harvard.edu,8
Lorne,Schenck,11660791,Lorne.Schenck@college.harvard.edu,8
Brena,Huggins,11493336,Brena.Huggins@college.harvard.edu,8
Cordi,Bronk,13062118,Cordi.Bronk@college.harvard.edu,8
Elvira,Thema,12627778,Elvira.Thema@college.harvard.edu,8
Tracey,Ammann,17612272,Tracey.Ammann@college.harvard.edu,8
Chastity,Sabella,13299610,Chastity.Sabella@college.harvard.edu,8
Fernande,Nester,16794516,Fernande.Nester@college.harvard.edu,8
Beth,Kress,15596629,Beth.Kress@college.harvard.edu,8
Alia,Wenoa,13934131,Alia.Wenoa@college.harvard.edu,8
Evaleen,Wolfgram,13940303,Evaleen.Wolfgram@college.harvard.edu,8
Aurelie,Ortrude,10158974,Aurelie.Ortrude@college.harvard.edu,8
Xylina,Guildroy,16246904,Xylina.Guildroy@college.harvard.edu,8
Ivett,Rona,19991106,Ivett.Rona@college.harvard.edu,8
Edyth,Concha,19745556,Edyth.Concha@college.harvard.edu,8
Karlee,Freddi,12962460,Karlee.Freddi@college.harvard.edu,8
Netty,Jagir,17321044,Netty.Jagir@college.harvard.edu,8
Sissy,Nerita,11476996,Sissy.Nerita@college.harvard.edu,8
Myriam,Fabiola,13646566,Myriam.Fabiola@college.harvard.edu,8
Ardys,Ursulette,19257991,Ardys.Ursulette@college.harvard.edu,8
Aimil,Reneta,11416674,Aimil.Reneta@college.harvard.edu,8
Rosabelle,Haerr,14713897,Rosabelle.Haerr@college.harvard.edu,8
Camile,Noelyn,15734485,Camile.Noelyn@college.harvard.edu,8
Caryl,Gabrielli,11664492,Caryl.Gabrielli@college.harvard.edu,8
Jinny,Haerr,14135401,Jinny.Haerr@college.harvard.edu,8
Claresta,Chrystel,18203756,Claresta.Chrystel@college.harvard.edu,8
Jessy,Justinn,15859306,Jessy.Justinn@college.harvard.edu,8
Brietta,Morgun,17641524,Brietta.Morgun@college.harvard.edu,8
Roxane,Pitt,18385898,Roxane.Pitt@college.harvard.edu,8
Beatriz,Clara,15921985,Beatriz.Clara@college.harvard.edu,8
Molli,Belldas,17872710,Molli.Belldas@college.harvard.edu,8
Melisent,Xerxes,15057567,Melisent.Xerxes@college.harvard.edu,8
Susan,Grosz,19302731,Susan.Grosz@college.harvard.edu,8
Jany,Yuille,14300562,Jany.Yuille@college.harvard.edu,8
Ricky,Beebe,10279094,Ricky.Beebe@college.harvard.edu,8
Karina,Demitria,13558041,Karina.Demitria@college.harvard.edu,8
Ilse,Zetta,13378562,Ilse.Zetta@college.harvard.edu,8
Allyce,Kathie,17267839,Allyce.Kathie@college.harvard.edu,8
Dorice,Emmaline,10494020,Dorice.Emmaline@college.harvard.edu,8
Kerrin,Merat,12449723,Kerrin.Merat@college.harvard.edu,8
Sadie,Isidore,18358708,Sadie.Isidore@college.harvard.edu,8
Bettine,Center,10020605,Bettine.Center@college.harvard.edu,8
Henriette,Orelee,12796359,Henriette.Orelee@college.harvard.edu,8
Yvonne,Saint,10591751,Yvonne.Saint@college.harvard.edu,8
Raina,Virgin,12379766,Raina.Virgin@college.harvard.edu,8
Bobbi,Gusella,19319004,Bobbi.Gusella@college.harvard.edu,8
Marti,Martsen,13276653,Marti.Martsen@college.harvard.edu,8
Tori,Nedrud,17947983,Tori.Nedrud@college.harvard.edu,8
Zia,Cottle,12193417,Zia.Cottle@college.harvard.edu,8
Dennie,Dearborn,15183255,Dennie.Dearborn@college.harvard.edu,8
Doro,Gaulin,10773417,Doro.Gaulin@college.harvard.edu,8
Nyssa,Teddman,15402921,Nyssa.Teddman@college.harvard.edu,8
Audrie,Smitt,18043967,Audrie.Smitt@college.harvard.edu,8
Kassey,Linehan,14799851,Kassey.Linehan@college.harvard.edu,8
Jaclyn,Brodench,14834037,Jaclyn.Brodench@college.harvard.edu,8
Alyda,Krystle,18964732,Alyda.Krystle@college.harvard.edu,8
Sheelagh,Rad,10297506,Sheelagh.Rad@college.harvard.edu,8
Xylina,Giff,16138116,Xylina.Giff@college.harvard.edu,8
Lolita,Gunn,19917300,Lolita.Gunn@college.harvard.edu,8
Corly,Dichy,13973312,Corly.Dichy@college.harvard.edu,8
Dorene,Fiester,10533472,Dorene.Fiester@college.harvard.edu,8
Tybie,Wareing,11565176,Tybie.Wareing@college.harvard.edu,8
Shell,Llovera,13574080,Shell.Llovera@college.harvard.edu,8
Allyce,Kannry,19389781,Allyce.Kannry@college.harvard.edu,8
Ricky,Rebecka,15608353,Ricky.Rebecka@college.harvard.edu,8
Melina,Wattenberg,18382813,Melina.Wattenberg@college.harvard.edu,8
Sissy,MacIntosh,14304968,Sissy.MacIntosh@college.harvard.edu,8
Alameda,Gino,13595522,Alameda.Gino@college.harvard.edu,8
Margette,Daegal,14013879,Margette.Daegal@college.harvard.edu,8
Christian,Merell,12367027,Christian.Merell@college.harvard.edu,8
Lisette,Adalbert,18495589,Lisette.Adalbert@college.harvard.edu,8
Annaliese,Fadiman,19413059,Annaliese.Fadiman@college.harvard.edu,8
Beth,Lane,13794991,Beth.Lane@college.harvard.edu,8
Nessie,Carolin,13598935,Nessie.Carolin@college.harvard.edu,8
Cyndie,Moseley,16706284,Cyndie.Moseley@college.harvard.edu,8
Wanda,Minetta,10852699,Wanda.Minetta@college.harvard.edu,8
Tami,Anton,11905579,Tami.Anton@college.harvard.edu,8
Tami,Bandeen,15853144,Tami.Bandeen@college.harvard.edu,8
Lynnea,Ricki,19034110,Lynnea.Ricki@college.harvard.edu,8
Alyssa,Hoban,17262109,Alyssa.Hoban@college.harvard.edu,8
Kial,Amethist,11965031,Kial.Amethist@college.harvard.edu,8
Kirstin,Nadia,16686824,Kirstin.Nadia@college.harvard.edu,8
Margette,Izaak,14666115,Margette.Izaak@college.harvard.edu,8
Carly,Ehrman,15917292,Carly.Ehrman@college.harvard.edu,8
Vinita,Jess,18802249,Vinita.Jess@college.harvard.edu,8
Lanna,Thunell,18150730,Lanna.Thunell@college.harvard.edu,8
Bee,Erich,16134294,Bee.Erich@college.harvard.edu,8
Belva,Even,16032558,Belva.Even@college.harvard.edu,8
Claresta,Toor,12626174,Claresta.Toor@college.harvard.edu,8
Basia,Tamar,16679035,Basia.Tamar@college.harvard.edu,8
Katuscha,Darrell,14294305,Katuscha.Darrell@college.harvard.edu,8
Allyce,Jeanne,17995375,Allyce.Jeanne@college.harvard.edu,8
Marleah,Miru,16850946,Marleah.Miru@college.harvard.edu,8
Adelle,Kiyoshi,16519622,Adelle.Kiyoshi@college.harvard.edu,8
Allis,Teryn,15453404,Allis.Teryn@college.harvard.edu,8
Latisha,Kermit,15723035,Latisha.Kermit@college.harvard.edu,8
Kassey,Reneta,17949649,Kassey.Reneta@college.harvard.edu,8
Minne,Smitt,10510155,Minne.Smitt@college.harvard.edu,8
Jacquetta,Obed,10179542,Jacquetta.Obed@college.harvard.edu,8
Vere,Eugenia,19232551,Vere.Eugenia@college.harvard.edu,8
Max,Mike,10085848,Max.Mike@college.harvard.edu,8
Bernie,Hylan,13525769,Bernie.Hylan@college.harvard.edu,8
Maye,Burch,10806650,Maye.Burch@college.harvard.edu,8
Alyssa,Sekofski,19162746,Alyssa.Sekofski@college.harvard.edu,8
Lanae,Schenck,13638057,Lanae.Schenck@college.harvard.edu,8
Giustina,Mozelle,10619083,Giustina.Mozelle@college.harvard.edu,8
Marcelline,Hillel,10902962,Marcelline.Hillel@college.harvard.edu,8
Morganica,Mitzi,16121278,Morganica.Mitzi@college.harvard.edu,8
Cristine,Pond,16467043,Cristine.Pond@college.harvard.edu,8
Minda,Wu,16437665,Minda.Wu@college.harvard.edu,8
Noelle,Desai,15465784,Noelle.Desai@college.harvard.edu,8
Lynea,Manolo,12962995,Lynea.Manolo@college.harvard.edu,8
Belinda,Linskey,19533199,Belinda.Linskey@college.harvard.edu,8
Lexine,Donoghue,18997450,Lexine.Donoghue@college.harvard.edu,8
Gloria,Cornelia,19880201,Gloria.Cornelia@college.harvard.edu,8
Leanna,Autrey,17451210,Leanna.Autrey@college.harvard.edu,8
Jeanna,Oster,12199161,Jeanna.Oster@college.harvard.edu,8
Shandie,Ovid,17742716,Shandie.Ovid@college.harvard.edu,8
Ericka,Harned,12396249,Ericka.Harned@college.harvard.edu,8
Melisent,Seagraves,10533859,Melisent.Seagraves@college.harvard.edu,8
Phedra,Hessler,12430979,Phedra.Hessler@college.harvard.edu,8
Carol-Jean,Carey,12701460,Carol-Jean.Carey@college.harvard.edu,8
Averyl,Saunderson,19820846,Averyl.Saunderson@college.harvard.edu,8
Lita,Daegal,10441522,Lita.Daegal@college.harvard.edu,8
Giustina,Knowling,12201464,Giustina.Knowling@college.harvard.edu,8
June,Helfand,12262469,June.Helfand@college.harvard.edu,8
Aili,Jary,11802273,Aili.Jary@college.harvard.edu,8
Sherrie,Joachim,18392376,Sherrie.Joachim@college.harvard.edu,8
Delilah,Saunderson,16577825,Delilah.Saunderson@college.harvard.edu,8
Kathy,Hewitt,18371762,Kathy.Hewitt@college.harvard.edu,8
Molli,Bevin,16080217,Molli.Bevin@college.harvard.edu,8
Olwen,Jacqui,15711734,Olwen.Jacqui@college.harvard.edu,8
Cyndie,Elisha,11637919,Cyndie.Elisha@college.harvard.edu,8
Linzy,Karl,12725193,Linzy.Karl@college.harvard.edu,8
Demetris,Adalbert,12933656,Demetris.Adalbert@college.harvard.edu,8
Dania,Neils,12578990,Dania.Neils@college.harvard.edu,8
Jenda,Maples,11626795,Jenda.Maples@college.harvard.edu,8
Maridel,Solitta,14053804,Maridel.Solitta@college.harvard.edu,8
Vere,Barbey,11460205,Vere.Barbey@college.harvard.edu,8
Fidelia,Martguerita,13153624,Fidelia.Martguerita@college.harvard.edu,8
Dorothy,Pandolfi,19101916,Dorothy.Pandolfi@college.harvard.edu,8
Thalia,Manolo,12596752,Thalia.Manolo@college.harvard.edu,8
Kirstin,Johanna,18037145,Kirstin.Johanna@college.harvard.edu,8
Basia,Elsinore,15094239,Basia.Elsinore@college.harvard.edu,8
Allis,Halsey,15226344,Allis.Halsey@college.harvard.edu,8
Anestassia,Claudine,11114570,Anestassia.Claudine@college.harvard.edu,8
Thalia,McLaughlin,12937283,Thalia.McLaughlin@college.harvard.edu,8
Fayre,Erich,15748763,Fayre.Erich@college.harvard.edu,8
Kamilah,Dex,17490516,Kamilah.Dex@college.harvard.edu,8
Lelah,Raychel,13536372,Lelah.Raychel@college.harvard.edu,8
Talya,Lynn,15487456,Talya.Lynn@college.harvard.edu,8
Tobe,Luhe,19471335,Tobe.Luhe@college.harvard.edu,8
Chandra,Garlinda,16932813,Chandra.Garlinda@college.harvard.edu,8
Karolina,Suzetta,16865470,Karolina.Suzetta@college.harvard.edu,8
Leeanne,Monaco,17596570,Leeanne.Monaco@college.harvard.edu,8
Teriann,Raseda,13881261,Teriann.Raseda@college.harvard.edu,8
Justinn,Shaddock,11087272,Justinn.Shaddock@college.harvard.edu,8
Noelle,Mozelle,12677312,Noelle.Mozelle@college.harvard.edu,8
Jsandye,Raseda,10487563,Jsandye.Raseda@college.harvard.edu,8
Lanna,Kaja,10324447,Lanna.Kaja@college.harvard.edu,8
Ketti,Yorick,14552309,Ketti.Yorick@college.harvard.edu,8
Dyann,Martguerita,11819882,Dyann.Martguerita@college.harvard.edu,8
Vevay,Timon,13203250,Vevay.Timon@college.harvard.edu,8
