Anthia,Blase,14657089,Anthia.Blase@college.harvard.edu,9
Larine,Paton,14731172,Larine.Paton@college.harvard.edu,9
Alejandra,Ehrman,16185753,Alejandra.Ehrman@college.harvard.edu,9
Jenilee,Vastah,11949445,Jenilee.Vastah@college.harvard.edu,9
Fredericka,Lane,12958619,Fredericka.Lane@college.harvard.edu,9
Carmencita,Drisko,17368711,Carmencita.Drisko@college.harvard.edu,9
Mariele,Sawtelle,17643066,Mariele.Sawtelle@college.harvard.edu,9
Kary,Kamaria,18903342,Kary.Kamaria@college.harvard.edu,9
Averyl,Dorine,18551575,Averyl.Dorine@college.harvard.edu,9
Luci,Dulciana,17658485,Luci.Dulciana@college.harvard.edu,9
Dode,Clywd,11331372,Dode.Clywd@college.harvard.edu,9
Renie,Cadmar,10999559,Renie.Cadmar@college.harvard.edu,9
Marcy,Sharl,11533090,Marcy.Sharl@college.harvard.edu,9
Odessa,Ricarda,14005932,Odessa.Ricarda@college.harvard.edu,9
Olwen,Pauly,12585710,Olwen.Pauly@college.harvard.edu,9
Emmey,Bryna,19613038,Emmey.Bryna@college.harvard.edu,9
Alia,Ax,18292267,Alia.Ax@college.harvard.edu,9
Chloris,Dyche,19984627,Chloris.Dyche@college.harvard.edu,9
Julieta,Sheng,14858247,Julieta.Sheng@college.harvard.edu,9
Genevra,Harriman,17355758,Genevra.Harriman@college.harvard.edu,9
Donnie,Mata,11161830,Donnie.Mata@college.harvard.edu,9
Sabina,Iiette,14909226,Sabina.Iiette@college.harvard.edu,9
Starla,Koehler,12057217,Starla.Koehler@college.harvard.edu,9
Nelle,Cassius,12046452,Nelle.Cassius@college.harvard.edu,9
Brietta,Bartlett,11396882,Brietta.Bartlett@college.harvard.edu,9
Rozele,Cleavland,15945516,Rozele.Cleavland@college.harvard.edu,9
Ekaterina,Salvidor,15037295,Ekaterina.Salvidor@college.harvard.edu,9
Deedee,Stanwood,17175615,Deedee.Stanwood@college.harvard.edu,9
Rivalee,Willie,15107055,Rivalee.Willie@college.harvard.edu,9
Constance,Gilbertson,19270895,Constance.Gilbertson@college.harvard.edu,9
Leia,Nance,17649524,Leia.Nance@college.harvard.edu,9
Averyl,Brieta,15653824,Averyl.Brieta@college.harvard.edu,9
Sashenka,Dudley,19374537,Sashenka.Dudley@college.harvard.edu,9
Louella,Eachern,11791568,Louella.Eachern@college.harvard.edu,9
Dale,Ries,15313867,Dale.Ries@college.harvard.edu,9
Elbertina,Chesna,13813191,Elbertina.Chesna@college.harvard.edu,9
Roz,Magnolia,13477994,Roz.Magnolia@college.harvard.edu,9
Codie,Gregrory,15673708,Codie.Gregrory@college.harvard.edu,9
Bobinette,Jagir,17701556,Bobinette.Jagir@college.harvard.edu,9
Malina,Seligman,10541114,Malina.Seligman@college.harvard.edu,9
Susette,Kiersten,14398052,Susette.Kiersten@college.harvard.edu,9
Wynne,Orpah,18984001,Wynne.Orpah@college.harvard.edu,9
Sadie,Guildroy,13973494,Sadie.Guildroy@college.harvard.edu,9
Elfreda,Roarke,17265644,Elfreda.Roarke@college.harvard.edu,9
Harmonia,Mike,18002861,Harmonia.Mike@college.harvard.edu,9
Vanessa,Baptlsta,17907239,Vanessa.Baptlsta@college.harvard.edu,9
Tarra,Hessler,14325727,Tarra.Hessler@college.harvard.edu,9
Benita,Zola,18055753,Benita.Zola@college.harvard.edu,9
Celestyna,Bennie,18135448,Celestyna.Bennie@college.harvard.edu,9
Cassandra,Durante,19700216,Cassandra.Durante@college.harvard.edu,9
Andree,Roche,19632846,Andree.Roche@college.harvard.edu,9
Tierney,Wu,19390579,Tierney.Wu@college.harvard.edu,9
Mathilda,Henrie,12978721,Mathilda.Henrie@college.harvard.edu,9
Mireielle,Bury,14284381,Mireielle.Bury@college.harvard.edu,9
Constance,Hull,14103313,Constance.Hull@college.harvard.edu,9
Desirae,Meli,12816224,Desirae.Meli@college.harvard.edu,9
Myriam,Freddi,19696593,Myriam.Freddi@college.harvard.edu,9
Elbertina,Sholley,19885130,Elbertina.Sholley@college.harvard.edu,9
Annecorinne,Vacuva,12371132,Annecorinne.Vacuva@college.harvard.edu,9
Cacilie,Raama,11811983,Cacilie.Raama@college.harvard.edu,9
Dianemarie,Naashom,15387105,Dianemarie.Naashom@college.harvard.edu,9
Rubie,Lay,11903255,Rubie.Lay@college.harvard.edu,9
Layla,Wiener,10342857,Layla.Wiener@college.harvard.edu,9
Susette,Guthrie,18506702,Susette.Guthrie@college.harvard.edu,9
Leanna,Kristi,13223277,Leanna.Kristi@college.harvard.edu,9
Jordan,Duwalt,16554351,Jordan.Duwalt@college.harvard.edu,9
Monika,Tamar,18565778,Monika.Tamar@college.harvard.edu,9
Babita,Sammons,18809302,Babita.Sammons@college.harvard.edu,9
Dotty,Ciapas,18158965,Dotty.Ciapas@college.harvard.edu,9
Danika,Lucienne,17678732,Danika.Lucienne@college.harvard.edu,9
Cristabel,Pierette,17574869,Cristabel.Pierette@college.harvard.edu,9
Karlee,Chick,10054746,Karlee.Chick@college.harvard.edu,9
Elise,Swigart,12982913,Elise.Swigart@college.harvard.edu,9
Ursulina,Rurik,16352190,Ursulina.Rurik@college.harvard.edu,9
Stephanie,Ioab,14589385,Stephanie.Ioab@college.harvard.edu,9
Dede,Nerita,11300933,Dede.Nerita@college.harvard.edu,9
Elka,Cristi,11594912,Elka.Cristi@college.harvard.edu,9
Linet,Michella,17202190,Linet.Michella@college.harvard.edu,9
Clo,Bohlin,17435892,Clo.Bohlin@college.harvard.edu,9
Sabina,Leonard,18537336,Sabina.Leonard@college.harvard.edu,9
Cristabel,Garlinda,17429514,Cristabel.Garlinda@college.harvard.edu,9
Laure,Rosemary,12459845,Laure.Rosemary@college.harvard.edu,9
Elyssa,Jerold,14735267,Elyssa.Jerold@college.harvard.edu,9
Deane,Auberbach,10805806,Deane.Auberbach@college.harvard.edu,9
Taffy,Tannie,12091752,Taffy.Tannie@college.harvard.edu,9
Ashlee,Ader,15219066,Ashlee.Ader@college.harvard.edu,9
Dolli,Cordi,11469644,Dolli.Cordi@college.harvard.edu,9
Elka,Urias,19584824,Elka.Urias@college.harvard.edu,9
Eugine,Sprage,18949234,Eugine.Sprage@college.harvard.edu,9
Libbie,Malvino,16052807,Libbie.Malvino@college.harvard.edu,9
Starla,Scammon,18653174,Starla.Scammon@college.harvard.edu,9
Odessa,Haldas,15838724,Odessa.Haldas@college.harvard.edu,9
Augustine,Thomasina,12515035,Augustine.Thomasina@college.harvard.edu,9
Pearline,Iphlgenia,12410742,Pearline.Iphlgenia@college.harvard.edu,9
Babita,Ursulette,10084333,Babita.Ursulette@college.harvard.edu,9
Kirstin,Gibbeon,17320478,Kirstin.Gibbeon@college.harvard.edu,9
Aili,Damarra,14357378,Aili.Damarra@college.harvard.edu,9
Edyth,Bouchard,19788351,Edyth.Bouchard@college.harvard.edu,9
Monika,Anton,10999000,Monika.Anton@college.harvard.edu,9
Pierette,Belanger,17820258,Pierette.Belanger@college.harvard.edu,9
Marcy,Ellerey,19760726,Marcy.Ellerey@college.harvard.edu,9
Penelopa,Pacorro,18931782,Penelopa.Pacorro@college.harvard.edu,9
Benita,Medrek,14325078,Benita.Medrek@college.harvard.edu,9
Sallie,Lilas,11776971,Sallie.Lilas@college.harvard.edu,9
Tracey,Cohdwell,11374641,Tracey.Cohdwell@college.harvard.edu,9
Cindelyn,Ioab,12257941,Cindelyn.Ioab@college.harvard.edu,9
Gale,Malvino,11247014,Gale.Malvino@college.harvard.edu,9
Arabel,Leffen,13837190,Arabel.Leffen@college.harvard.edu,9
Paule,Madox,19133819,Paule.Madox@college.harvard.edu,9
Lolita,Letsou,16031704,Lolita.Letsou@college.harvard.edu,9
Vanessa,Persse,14567035,Vanessa.Persse@college.harvard.edu,9
Ardeen,Jalbert,12295031,Ardeen.Jalbert@college.harvard.edu,9
Fina,Cookie,14052209,Fina.Cookie@college.harvard.edu,9
Jenilee,Alexandr,12808702,Jenilee.Alexandr@college.harvard.edu,9
Joelly,Orlene,12612672,Joelly.Orlene@college.harvard.edu,9
Cathyleen,Stanwood,13786369,Cathyleen.Stanwood@college.harvard.edu,9
Charissa,Kiersten,15314929,Charissa.Kiersten@college.harvard.edu,9
Carolina,Chobot,11395518,Carolina.Chobot@college.harvard.edu,9
Riannon,Wattenberg,18531901,Riannon.Wattenberg@college.harvard.edu,9
Ekaterina,Hubert,10486356,Ekaterina.Hubert@college.harvard.edu,9
Cristabel,Cristi,10754464,Cristabel.Cristi@college.harvard.edu,9
Nonnah,Peti,17140204,Nonnah.Peti@college.harvard.edu,9
Florencia,Reidar,17684673,Florencia.Reidar@college.harvard.edu,9
Andeee,Atonsah,14082251,Andeee.Atonsah@college.harvard.edu,9
Flo,Linehan,17929526,Flo.Linehan@college.harvard.edu,9
Sybille,Seessel,16966292,Sybille.Seessel@college.harvard.edu,9
Andeee,Ummersen,15992175,Andeee.Ummersen@college.harvard.edu,9
Mariele,Poppy,19183577,Mariele.Poppy@college.harvard.edu,9
Talya,Merat,12561314,Talya.Merat@college.harvard.edu,9
Maud,Gordon,17309557,Maud.Gordon@college.harvard.edu,9
Lorenza,Catie,19671469,Lorenza.Catie@college.harvard.edu,9
Gusty,Orlene,16824746,Gusty.Orlene@college.harvard.edu,9
Aaren,Shanley,15283874,Aaren.Shanley@college.harvard.edu,9
Marsiella,Darian,19849260,Marsiella.Darian@college.harvard.edu,9
Tomasina,Neils,15491093,Tomasina.Neils@college.harvard.edu,9
Belinda,Dearborn,19309341,Belinda.Dearborn@college.harvard.edu,9
Binny,Hailee,16632121,Binny.Hailee@college.harvard.edu,9
Diena,Edee,12267490,Diena.Edee@college.harvard.edu,9
Tomasina,Caitlin,14173866,Tomasina.Caitlin@college.harvard.edu,9
Sandie,Maples,11410017,Sandie.Maples@college.harvard.edu,9
Zondra,Kinnard,16018071,Zondra.Kinnard@college.harvard.edu,9
Dolli,Docilla,14113016,Dolli.Docilla@college.harvard.edu,9
Carolina,Belanger,18371354,Carolina.Belanger@college.harvard.edu,9
Selia,Leler,10779599,Selia.Leler@college.harvard.edu,9
Dulce,Mathilde,10583438,Dulce.Mathilde@college.harvard.edu,9
Sherrie,Anselmi,10852333,Sherrie.Anselmi@college.harvard.edu,9
Merry,Drus,12392296,Merry.Drus@college.harvard.edu,9
Demetris,Bertold,17777816,Demetris.Bertold@college.harvard.edu,9
Elbertina,Pattin,10850180,Elbertina.Pattin@college.harvard.edu,9
Priscilla,Atcliffe,10738212,Priscilla.Atcliffe@college.harvard.edu,9
Natka,Ellord,13481438,Natka.Ellord@college.harvard.edu,9
Rhoda,Gale,14088915,Rhoda.Gale@college.harvard.edu,9
Britte,Baudin,10787024,Britte.Baudin@college.harvard.edu,9
Fanny,Peg,12661749,Fanny.Peg@college.harvard.edu,9
Shell,Phaidra,13136613,Shell.Phaidra@college.harvard.edu,9
Judy,Merell,10991251,Judy.Merell@college.harvard.edu,9
