Bernardine,Sophronia,16311101,Bernardine.Sophronia@college.harvard.edu,10
Deirdre,Ioab,11777577,Deirdre.Ioab@college.harvard.edu,10
Rozele,Wilkinson,15118764,Rozele.Wilkinson@college.harvard.edu,10
Ana,Scammon,10701460,Ana.Scammon@college.harvard.edu,10
Fina,Himelman,16919718,Fina.Himelman@college.harvard.edu,10
Ronna,Loring,12850713,Ronna.Loring@college.harvard.edu,10
Valera,Pandolfi,15509054,Valera.Pandolfi@college.harvard.edu,10
Robinia,Shirberg,15304763,Robinia.Shirberg@college.harvard.edu,10
Anestassia,Hathaway,19894017,Anestassia.Hathaway@college.harvard.edu,10
Kayla,Roumell,16667305,Kayla.Roumell@college.harvard.edu,10
Keelia,Tippets,18861408,Keelia.Tippets@college.harvard.edu,10
Ardenia,Wareing,11026377,Ardenia.Wareing@college.harvard.edu,10
Jessamyn,Ahab,13090028,Jessamyn.Ahab@college.harvard.edu,10
Kristan,Standing,19728411,Kristan.Standing@college.harvard.edu,10
Jasmina,Wattenberg,18112106,Jasmina.Wattenberg@college.harvard.edu,10
Frances,Joni,10462931,Frances.Joni@college.harvard.edu,10
Dulcinea,Septima,13505835,Dulcinea.Septima@college.harvard.edu,10
Xylina,Yorick,18703690,Xylina.Yorick@college.harvard.edu,10
Janenna,Colp,15106295,Janenna.Colp@college.harvard.edu,10
Sam,Tound,13871481,Sam.Tound@college.harvard.edu,10
Annecorinne,Marijo,15561593,Annecorinne.Marijo@college.harvard.edu,10
Brena,Kesley,19274804,Brena.Kesley@college.harvard.edu,10
Lorne,Boehike,11213265,Lorne.Boehike@college.harvard.edu,10
Keelia,Chinua,16704646,Keelia.Chinua@college.harvard.edu,10
Neila,Haymes,16440834,Neila.Haymes@college.harvard.edu,10
Kylynn,Warthman,13782079,Kylynn.Warthman@college.harvard.edu,10
Atlanta,Elbertina,19463693,Atlanta.Elbertina@college.harvard.edu,10
Agathe,Zachary,10057785,Agathe.Zachary@college.harvard.edu,10
Ann-Marie,Eldrid,17484776,Ann-Marie.Eldrid@college.harvard.edu,10
Corly,Stelle,13629300,Corly.Stelle@college.harvard.edu,10
Amalie,Jena,15711842,Amalie.Jena@college.harvard.edu,10
Dale,Podvin,15623256,Dale.Podvin@college.harvard.edu,10
Aeriela,Maribeth,16336632,Aeriela.Maribeth@college.harvard.edu,10
Lyssa,Timon,19679574,Lyssa.Timon@college.harvard.edu,10
Audrie,Weaks,11069346,Audrie.Weaks@college.harvard.edu,10
Lynnea,Daveta,15787314,Lynnea.Daveta@college.harvard.edu,10
Aigneis,Craggie,12628083,Aigneis.Craggie@college.harvard.edu,10
Aaren,Timon,18630067,Aaren.Timon@college.harvard.edu,10
Cristabel,Cadmar,14805294,Cristabel.Cadmar@college.harvard.edu,10
Tarra,Emmy,19126333,Tarra.Emmy@college.harvard.edu,10
Brynna,Lunsford,11392410,Brynna.Lunsford@college.harvard.edu,10
Cam,Rodmann,14523012,Cam.Rodmann@college.harvard.edu,10
Briney,Means,19899421,Briney.Means@college.harvard.edu,10
Rubie,Sandye,18111496,Rubie.Sandye@college.harvard.edu,10
Georgetta,Linehan,15549268,Georgetta.Linehan@college.harvard.edu,10
Lolita,Esmaria,10966939,Lolita.Esmaria@college.harvard.edu,10
Wanda,Primalia,10595043,Wanda.Primalia@college.harvard.edu,10
Tracey,Bennie,15049751,Tracey.Bennie@college.harvard.edu,10
Chloris,Seumas,15887530,Chloris.Seumas@college.harvard.edu,10
Renie,Pettiford,11890478,Renie.Pettiford@college.harvard.edu,10
Desirae,Schenck,10687802,Desirae.Schenck@college.harvard.edu,10
Ottilie,Jarib,13711019,Ottilie.Jarib@college.harvard.edu,10
Elka,Sikorski,17302491,Elka.Sikorski@college.harvard.edu,10
Jere,Toffic,11539889,Jere.Toffic@college.harvard.edu,10
Evaleen,Cassius,14474086,Evaleen.Cassius@college.harvard.edu,10
Nelle,Thar,11408415,Nelle.Thar@college.harvard.edu,10
Zaria,Pascia,17938606,Zaria.Pascia@college.harvard.edu,10
Elbertina,Clara,11249526,Elbertina.Clara@college.harvard.edu,10
Benita,Chesna,12792205,Benita.Chesna@college.harvard.edu,10
Dorene,Bobbee,19203569,Dorene.Bobbee@college.harvard.edu,10
Christal,Cavan,17325343,Christal.Cavan@college.harvard.edu,10
Goldie,Chaing,15047337,Goldie.Chaing@college.harvard.edu,10
Ellette,Hoenack,17039533,Ellette.Hoenack@college.harvard.edu,10
Cyb,Dalli,12315198,Cyb.Dalli@college.harvard.edu,10
Dennie,Roche,18278804,Dennie.Roche@college.harvard.edu,10
Vevay,Gaulin,11916162,Vevay.Gaulin@college.harvard.edu,10
Dacia,Gaulin,18459983,Dacia.Gaulin@college.harvard.edu,10
Jenda,Morrill,16764648,Jenda.Morrill@college.harvard.edu,10
Nicoli,Tjon,11093265,Nicoli.Tjon@college.harvard.edu,10
Dode,Brieta,11325447,Dode.Brieta@college.harvard.edu,10
Marinna,Richers,15139396,Marinna.Richers@college.harvard.edu,10
Max,Carlson,14259569,Max.Carlson@college.harvard.edu,10
Tobe,Sawtelle,11512037,Tobe.Sawtelle@college.harvard.edu,10
Olwen,Dorothy,11412381,Olwen.Dorothy@college.harvard.edu,10
Lesly,Alarise,18875378,Lesly.Alarise@college.harvard.edu,10
Sophia,Daniele,15288453,Sophia.Daniele@college.harvard.edu,10
Bill,Whittaker,17190889,Bill.Whittaker@college.harvard.edu,10
Kirstin,Edvard,10389386,Kirstin.Edvard@college.harvard.edu,10
Melanie,Sheedy,11825993,Melanie.Sheedy@college.harvard.edu,10
Olwen,Alarise,13646043,Olwen.Alarise@college.harvard.edu,10
Xylina,Gemini,15508561,Xylina.Gemini@college.harvard.edu,10
Taffy,Tillford,11940032,Taffy.Tillford@college.harvard.edu,10
Vere,Rona,17915729,Vere.Rona@college.harvard.edu,10
Lynde,Mathilde,19140405,Lynde.Mathilde@college.harvard.edu,10
Suzette,Eno,10626114,Suzette.Eno@college.harvard.edu,10
Camile,Jaylene,17882248,Camile.Jaylene@college.harvard.edu,10
Constance,Sikorski,16758734,Constance.Sikorski@college.harvard.edu,10
Sophia,Howlyn,16896287,Sophia.Howlyn@college.harvard.edu,10
Dorthy,Dash,19938733,Dorthy.Dash@college.harvard.edu,10
Merci,Nisbet,11234062,Merci.Nisbet@college.harvard.edu,10
Raina,Hailee,14270773,Raina.Hailee@college.harvard.edu,10
Cacilie,Garlinda,15591055,Cacilie.Garlinda@college.harvard.edu,10
Robinia,Raul,10889824,Robinia.Raul@college.harvard.edu,10
Pierette,Othilia,18189491,Pierette.Othilia@college.harvard.edu,10
Dorene,Breed,15189851,Dorene.Breed@college.harvard.edu,10
Cecile,Obed,15245497,Cecile.Obed@college.harvard.edu,10
Vanessa,Macey,16275976,Vanessa.Macey@college.harvard.edu,10
Maye,Haerr,19132153,Maye.Haerr@college.harvard.edu,10
Zondra,Kazimir,18680396,Zondra.Kazimir@college.harvard.edu,10
Clo,Lindemann,10764208,Clo.Lindemann@college.harvard.edu,10
Delilah,Keelia,10348937,Delilah.Keelia@college.harvard.edu,10
Roslyn,Donoghue,18187787,Roslyn.Donoghue@college.harvard.edu,10
Olivette,Atonsah,12312854,Olivette.Atonsah@college.harvard.edu,10
Atlanta,Cornelia,13594129,Atlanta.Cornelia@college.harvard.edu,10
Feliza,Hurley,12002503,Feliza.Hurley@college.harvard.edu,10
Maye,Zrike,15673590,Maye.Zrike@college.harvard.edu,10
Wanda,Kress,16063388,Wanda.Kress@college.harvard.edu,10
Johna,Gladstone,15783136,Johna.Gladstone@college.harvard.edu,10
Sidoney,Killigrew,16927572,Sidoney.Killigrew@college.harvard.edu,10
Kaja,Wandie,16040250,Kaja.Wandie@college.harvard.edu,10
Olwen,Izaak,13169686,Olwen.Izaak@college.harvard.edu,10
Jsandye,Brandice,17074487,Jsandye.Brandice@college.harvard.edu,10
Nadine,Emerson,14079268,Nadine.Emerson@college.harvard.edu,10
Nessie,Georgy,18473364,Nessie.Georgy@college.harvard.edu,10
Miquela,Helve,18299466,Miquela.Helve@college.harvard.edu,10
Jemie,Calhoun,19660768,Jemie.Calhoun@college.harvard.edu,10
Corry,Callista,14474055,Corry.Callista@college.harvard.edu,10
Brana,Concha,12564036,Brana.Concha@college.harvard.edu,10
Marnia,Phi,13810155,Marnia.Phi@college.harvard.edu,10
Jany,Greenwald,14945773,Jany.Greenwald@college.harvard.edu,10
Hayley,Thomasina,14250593,Hayley.Thomasina@college.harvard.edu,10
Perry,Koziara,12254219,Perry.Koziara@college.harvard.edu,10
Brena,Alarise,12965357,Brena.Alarise@college.harvard.edu,10
Krystle,Nadia,12642540,Krystle.Nadia@college.harvard.edu,10
Rosaline,Kirstin,15998034,Rosaline.Kirstin@college.harvard.edu,10
Emilia,Amethist,16165129,Emilia.Amethist@college.harvard.edu,10
Marguerite,Annabella,14188209,Marguerite.Annabella@college.harvard.edu,10
Mamie,Beniamino,14915220,Mamie.Beniamino@college.harvard.edu,10
Delilah,Publia,12994767,Delilah.Publia@college.harvard.edu,10
Neila,Suk,11474238,Neila.Suk@college.harvard.edu,10
Allyce,Torray,15626787,Allyce.Torray@college.harvard.edu,10
Cam,Manolo,14940273,Cam.Manolo@college.harvard.edu,10
Fred,Oscar,11868156,Fred.Oscar@college.harvard.edu,10
Carmela,Karna,17425501,Carmela.Karna@college.harvard.edu,10
Latisha,Lowry,15627752,Latisha.Lowry@college.harvard.edu,10
Robbi,Suk,12603456,Robbi.Suk@college.harvard.edu,10
Claresta,Adlare,19932243,Claresta.Adlare@college.harvard.edu,10
Hollie,Teryn,19937443,Hollie.Teryn@college.harvard.edu,10
Clary,Merat,11186850,Clary.Merat@college.harvard.edu,10
Pearline,Kaja,14368835,Pearline.Kaja@college.harvard.edu,10
Juliane,Eldrid,15647241,Juliane.Eldrid@college.harvard.edu,10
Joane,Clarissa,14867505,Joane.Clarissa@college.harvard.edu,10
Gerrie,Morrill,14919551,Gerrie.Morrill@college.harvard.edu,10
Quintina,Ralfston,10073376,Quintina.Ralfston@college.harvard.edu,10
Allis,Couture,18620374,Allis.Couture@college.harvard.edu,10
Lila,Sinegold,19159524,Lila.Sinegold@college.harvard.edu,10
Paulita,Ogren,13497189,Paulita.Ogren@college.harvard.edu,10
Nita,Engdahl,12930901,Nita.Engdahl@college.harvard.edu,10
Renae,Wittie,14464888,Renae.Wittie@college.harvard.edu,10
Jillayne,Gillan,13366343,Jillayne.Gillan@college.harvard.edu,10
Kate,Selway,11613307,Kate.Selway@college.harvard.edu,10
