Misha,Tybald,15474105,Misha.Tybald@college.harvard.edu,11
Fina,Zetta,17941504,Fina.Zetta@college.harvard.edu,11
Wynne,Baylor,12487005,Wynne.Baylor@college.harvard.edu,11
Nanete,Kenwood,13603325,Nanete.Kenwood@college.harvard.edu,11
Dania,Boycey,11614816,Dania.Boycey@college.harvard.edu,11
Randa,Howlyn,10495975,Randa.Howlyn@college.harvard.edu,11
Tybie,Roumell,19703610,Tybie.Roumell@college.harvard.edu,11
Kylynn,Garbe,11890866,Kylynn.Garbe@college.harvard.edu,11
Orelia,Diann,16575256,Orelia.Diann@college.harvard.edu,11
Beatriz,Stover,15517463,Beatriz.Stover@college.harvard.edu,11
Phedra,Daegal,14322765,Phedra.Daegal@college.harvard.edu,11
Clementine,Granoff,10504852,Clementine.Granoff@college.harvard.edu,11
Raf,Alice,14741315,Raf.Alice@college.harvard.edu,11
Paola,Burnside,16692120,Paola.Burnside@college.harvard.edu,11
Albertina,Peg,16155043,Albertina.Peg@college.harvard.edu,11
Lila,Shanley,12740931,Lila.Shanley@college.harvard.edu,11
Rosene,Artie,14866879,Rosene.Artie@college.harvard.edu,11
Ottilie,Pond,19601509,Ottilie.Pond@college.harvard.edu,11
Raina,Kristi,19694978,Raina.Kristi@college.harvard.edu,11
Raquela,Lenny,18924933,Raquela.Lenny@college.harvard.edu,11
Hannis,Arquit,11659272,Hannis.Arquit@college.harvard.edu,11
Nariko,Sallyann,18953266,Nariko.Sallyann@college.harvard.edu,11
Betta,Zachary,10062689,Betta.Zachary@college.harvard.edu,11
Josephine,Wesle,11985936,Josephine.Wesle@college.harvard.edu,11
Zondra,Kathie,19999567,Zondra.Kathie@college.harvard.edu,11
Nollie,Clie,12582290,Nollie.Clie@college.harvard.edu,11
Kamilah,Margret,14691040,Kamilah.Margret@college.harvard.edu,11
Jessamyn,Konyn,11424171,Jessamyn.Konyn@college.harvard.edu,11
Shauna,Jillane,19604214,Shauna.Jillane@college.harvard.edu,11
Betta,Cullin,14207386,Betta.Cullin@college.harvard.edu,11
Claudina,Eben,15516426,Claudina.Eben@college.harvard.edu,11
Dacia,Harriman,13555102,Dacia.Harriman@college.harvard.edu,11
Mathilda,Mauer,19854714,Mathilda.Mauer@college.harvard.edu,11
Ottilie,Codding,12467150,Ottilie.Codding@college.harvard.edu,11
Edith,Niles,14699985,Edith.Niles@college.harvard.edu,11
Chere,Neva,10493179,Chere.Neva@college.harvard.edu,11
Adelle,Wandie,17206590,Adelle.Wandie@college.harvard.edu,11
Henriette,Manolo,10578825,Henriette.Manolo@college.harvard.edu,11
Oona,Flita,11679528,Oona.Flita@college.harvard.edu,11
Cam,Roumell,16349829,Cam.Roumell@college.harvard.edu,11
Melisent,Daveta,12394314,Melisent.Daveta@college.harvard.edu,11
Alameda,Pozzy,11272947,Alameda.Pozzy@college.harvard.edu,11
Shandie,Kronfeld,16293724,Shandie.Kronfeld@college.harvard.edu,11
Shaylyn,Dermott,15790783,Shaylyn.Dermott@college.harvard.edu,11
Hyacinthe,Ardeha,10077366,Hyacinthe.Ardeha@college.harvard.edu,11
Shauna,Nedrud,17787736,Shauna.Nedrud@college.harvard.edu,11
Laure,Shama,16817632,Laure.Shama@college.harvard.edu,11
Harmonia,Diogenes,14499510,Harmonia.Diogenes@college.harvard.edu,11
Tamqrah,Melan,13452539,Tamqrah.Melan@college.harvard.edu,11
Corina,Khorma,18801221,Corina.Khorma@college.harvard.edu,11
Lucille,Jalbert,17029227,Lucille.Jalbert@college.harvard.edu,11
Harmonia,Carri,12627315,Harmonia.Carri@college.harvard.edu,11
Susette,Tillford,15143150,Susette.Tillford@college.harvard.edu,11
Edith,Mehalek,10740566,Edith.Mehalek@college.harvard.edu,11
Shirlee,Harl,10033912,Shirlee.Harl@college.harvard.edu,11
Hyacinthe,Gabrielli,18078241,Hyacinthe.Gabrielli@college.harvard.edu,11
Mara,Armanda,14824470,Mara.Armanda@college.harvard.edu,11
Addia,Lane,10567888,Addia.Lane@college.harvard.edu,11
Gilda,Japeth,12094028,Gilda.Japeth@college.harvard.edu,11
Carmencita,Loeb,13019127,Carmencita.Loeb@college.harvard.edu,11
Gale,Diann,19396408,Gale.Diann@college.harvard.edu,11
Odessa,Oriana,17680275,Odessa.Oriana@college.harvard.edu,11
Yetty,Charity,15001904,Yetty.Charity@college.harvard.edu,11
Karlee,Schonfeld,19820706,Karlee.Schonfeld@college.harvard.edu,11
Kaia,Lesley,19768676,Kaia.Lesley@college.harvard.edu,11
Joeann,Lissi,17239872,Joeann.Lissi@college.harvard.edu,11
Rhea,Lareena,13183831,Rhea.Lareena@college.harvard.edu,11
Orelia,Ferrell,11048385,Orelia.Ferrell@college.harvard.edu,11
Beverley,Hepsibah,13588302,Beverley.Hepsibah@college.harvard.edu,11
Sidoney,Hanleigh,10368961,Sidoney.Hanleigh@college.harvard.edu,11
Joelly,Bury,17026673,Joelly.Bury@college.harvard.edu,11
Ashlee,Billye,13422910,Ashlee.Billye@college.harvard.edu,11
Priscilla,Carleen,15682043,Priscilla.Carleen@college.harvard.edu,11
Lauryn,Rustice,16087399,Lauryn.Rustice@college.harvard.edu,11
Anica,Joachim,15398080,Anica.Joachim@college.harvard.edu,11
Felice,Harned,19046660,Felice.Harned@college.harvard.edu,11
Gilligan,Haerr,10769494,Gilligan.Haerr@college.harvard.edu,11
Steffane,Trey,17371149,Steffane.Trey@college.harvard.edu,11
Emma,Skell,11081268,Emma.Skell@college.harvard.edu,11
Julieta,Idelia,14931747,Julieta.Idelia@college.harvard.edu,11
Flory,Eldrid,14553888,Flory.Eldrid@college.harvard.edu,11
Mireielle,Uund,18018755,Mireielle.Uund@college.harvard.edu,11
Jean,Ralfston,18966433,Jean.Ralfston@college.harvard.edu,11
Halette,Klotz,18782640,Halette.Klotz@college.harvard.edu,11
Mary,Bultman,15750814,Mary.Bultman@college.harvard.edu,11
Heida,Rosemary,14467497,Heida.Rosemary@college.harvard.edu,11
Alejandra,Jehu,19470574,Alejandra.Jehu@college.harvard.edu,11
Mireielle,Anselmi,13980421,Mireielle.Anselmi@college.harvard.edu,11
Allis,Fabiola,13054759,Allis.Fabiola@college.harvard.edu,11
Linzy,Toor,19141102,Linzy.Toor@college.harvard.edu,11
Ivett,Emanuel,11962219,Ivett.Emanuel@college.harvard.edu,11
Maisey,Fleeta,19822763,Maisey.Fleeta@college.harvard.edu,11
Jessy,Even,13439302,Jessy.Even@college.harvard.edu,11
Gavrielle,Redmond,13539441,Gavrielle.Redmond@college.harvard.edu,11
Amii,Whiffen,16183903,Amii.Whiffen@college.harvard.edu,11
Kenna,Docilla,18378220,Kenna.Docilla@college.harvard.edu,11
Theodora,Codding,13131373,Theodora.Codding@college.harvard.edu,11
Louella,Tannie,12941265,Louella.Tannie@college.harvard.edu,11
Arlina,Killigrew,13493162,Arlina.Killigrew@college.harvard.edu,11
Adele,Isidore,13627838,Adele.Isidore@college.harvard.edu,11
Deane,Gherardo,16137407,Deane.Gherardo@college.harvard.edu,11
Gerrie,Urias,19847400,Gerrie.Urias@college.harvard.edu,11
Sarette,Ries,16930019,Sarette.Ries@college.harvard.edu,11
Corly,Dash,19327013,Corly.Dash@college.harvard.edu,11
Michaelina,Carbo,13380775,Michaelina.Carbo@college.harvard.edu,11
Claresta,Braun,15228995,Claresta.Braun@college.harvard.edu,11
Emelina,Yam,11046599,Emelina.Yam@college.harvard.edu,11
Marsiella,Amadas,19883735,Marsiella.Amadas@college.harvard.edu,11
Arlina,Erich,18659871,Arlina.Erich@college.harvard.edu,11
Tobe,Alejoa,11397089,Tobe.Alejoa@college.harvard.edu,11
Dennie,Earlie,11474722,Dennie.Earlie@college.harvard.edu,11
Di,Breed,13105368,Di.Breed@college.harvard.edu,11
Aigneis,Halla,12008990,Aigneis.Halla@college.harvard.edu,11
Lucille,Nadia,12287993,Lucille.Nadia@college.harvard.edu,11
Oralee,Donell,19545303,Oralee.Donell@college.harvard.edu,11
Dode,Anastatius,17753686,Dode.Anastatius@college.harvard.edu,11
Nickie,Harriman,16746023,Nickie.Harriman@college.harvard.edu,11
Carly,Gregrory,11196802,Carly.Gregrory@college.harvard.edu,11
Nerta,Anastatius,10555742,Nerta.Anastatius@college.harvard.edu,11
Paule,Mehalek,19181706,Paule.Mehalek@college.harvard.edu,11
Frances,Hilbert,17327449,Frances.Hilbert@college.harvard.edu,11
Elmira,Colleen,19595580,Elmira.Colleen@college.harvard.edu,11
Goldie,Loeb,16005620,Goldie.Loeb@college.harvard.edu,11
Laure,Destinee,13016701,Laure.Destinee@college.harvard.edu,11
Ellette,Rozanna,14317018,Ellette.Rozanna@college.harvard.edu,11
Cherilyn,Stav,14011216,Cherilyn.Stav@college.harvard.edu,11
Nariko,Donoghue,14974061,Nariko.Donoghue@college.harvard.edu,11
Johna,Aldric,10853350,Johna.Aldric@college.harvard.edu,11
Delilah,Martsen,10002920,Delilah.Martsen@college.harvard.edu,11
Cristabel,Milson,19252522,Cristabel.Milson@college.harvard.edu,11
Briney,Raimondo,11783613,Briney.Raimondo@college.harvard.edu,11
Ketti,Afton,16078392,Ketti.Afton@college.harvard.edu,11
Letizia,Clarissa,12941771,Letizia.Clarissa@college.harvard.edu,11
Benita,Read,12250268,Benita.Read@college.harvard.edu,11
Ivett,Andrel,18757525,Ivett.Andrel@college.harvard.edu,11
Shaylyn,Demitria,13995873,Shaylyn.Demitria@college.harvard.edu,11
Madelle,Nikaniki,11264406,Madelle.Nikaniki@college.harvard.edu,11
Dianemarie,Kazimir,18044706,Dianemarie.Kazimir@college.harvard.edu,11
Juliane,Sandye,18905167,Juliane.Sandye@college.harvard.edu,11
Ricky,Merat,15679591,Ricky.Merat@college.harvard.edu,11
Courtnay,Erminia,13321519,Courtnay.Erminia@college.harvard.edu,11
Adele,Gaal,12531900,Adele.Gaal@college.harvard.edu,11
Ulrike,Teddman,15652039,Ulrike.Teddman@college.harvard.edu,11
Danika,Jotham,12449088,Danika.Jotham@college.harvard.edu,11
Chandra,Weide,11988391,Chandra.Weide@college.harvard.edu,11
Elena,Erskine,13191157,Elena.Erskine@college.harvard.edu,11
Jorry,Holbrook,19036107,Jorry.Holbrook@college.harvard.edu,11
Catharine,Gaal,10492544,Catharine.Gaal@college.harvard.edu,11
Janis,Ophelia,11406986,Janis.Ophelia@college.harvard.edu,11
Maye,Justinn,17038012,Maye.Justinn@college.harvard.edu,11
Renae,Rheingold,12349951,Renae.Rheingold@college.harvard.edu,11
Andeee,Nance,19193576,Andeee.Nance@college.harvard.edu,11
Lily,Helfand,12842888,Lily.Helfand@college.harvard.edu,11
Bernie,Tristram,16206011,Bernie.Tristram@college.harvard.edu,11
Kamilah,Shama,12200289,Kamilah.Shama@college.harvard.edu,11
Jerry,Duwalt,13663804,Jerry.Duwalt@college.harvard.edu,11
Jessamyn,Wadell,19237850,Jessamyn.Wadell@college.harvard.edu,11
Arabel,Anton,17609591,Arabel.Anton@college.harvard.edu,11
Ana,Bollay,19210549,Ana.Bollay@college.harvard.edu,11
Angelique,Sholley,10355034,Angelique.Sholley@college.harvard.edu,11
Chrystel,Pozzy,17641228,Chrystel.Pozzy@college.harvard.edu,11
Belinda,Daniele,17167468,Belinda.Daniele@college.harvard.edu,11
Merry,Lunsford,15030655,Merry.Lunsford@college.harvard.edu,11
Aryn,Yerkovich,14900582,Aryn.Yerkovich@college.harvard.edu,11
Myrtice,Standing,19608294,Myrtice.Standing@college.harvard.edu,11
Nannie,Doig,11796401,Nannie.Doig@college.harvard.edu,11
Nariko,Marsden,11707944,Nariko.Marsden@college.harvard.edu,11
Jorry,Stilwell,19574470,Jorry.Stilwell@college.harvard.edu,11
Melanie,Chinua,14492121,Melanie.Chinua@college.harvard.edu,11
Latisha,Verger,19686138,Latisha.Verger@college.harvard.edu,11
Aryn,Crudden,18626775,Aryn.Crudden@college.harvard.edu,11
Elora,Haerr,11676178,Elora.Haerr@college.harvard.edu,11
Althea,Deegan,12802873,Althea.Deegan@college.harvard.edu,11
Sallie,Tjon,17702318,Sallie.Tjon@college.harvard.edu,11
Liana,Redmond,12845395,Liana.Redmond@college.harvard.edu,11
Regina,Rodmann,17836189,Regina.Rodmann@college.harvard.edu,11
Elise,Adalbert,13637858,Elise.Adalbert@college.harvard.edu,11
Genovera,Alexandr,13576426,Genovera.Alexandr@college.harvard.edu,11
Tina,Isidore,10302738,Tina.Isidore@college.harvard.edu,11
Charissa,Garrison,10164177,Charissa.Garrison@college.harvard.edu,11
